feature;shap_value
NF1_SNP;0.13696440232685622
KRAS_SNP;0.06253712723425334
NF1_DEL;0.05329140652388836
TERT_SNP;0.01606533970722283
TP53_SNP;0.013960239442596998
AGE_CONTACT;0.012578545104419182
IGF1R_SNP;0.010684100334605394
ARID1A_DEL;0.009698163168718105
APC_SNP;0.009208935447258244
PTEN_SNP;0.006033289537286954
PTPN11_SNP;0.00540831987371291
EPHA7_SNP;0.005290683931118924
ATRX_SNP;0.004472790176523882
ARID2_SNP;0.004391804886454616
MTA1_SNP;0.004270304325356977
MSH6_DEL;0.004142425077415296
TGFBR2_SNP;0.004061946568773667
SETD2_SNP;0.00402336680508877
NPM1_INS;0.0038799018167992813
RASA1_SNP;0.0037771279985249597
PTEN_INS;0.0037015426170959125
TET2_DEL;0.0036212795733054116
FAT1_SNP;0.0035847888180189705
TP53_DEL;0.00355236109833623
YAP1_SNP;0.0033660074576185597
CTCF_INS;0.002983325307559576
PRKDC_DEL;0.002930859975972103
KMT2D_SNP;0.0029271029824457493
HMBS_SNP;0.002916698284419696
BRCA1_SNP;0.00276537625011465
SLITRK6_SNP;0.0027598287089174224
MSH2_DEL;0.002636814782983281
PDPK1_SNP;0.0025809698774607835
CREBBP_INS;0.0025223109380408063
BRAF_SNP;0.002387004757265508
CLPTM1L_SNP;0.0023640967708262375
RUNX1_INS;0.0022918459767806306
KDM5A_SNP;0.0022154192642853637
ASXL1_DEL;0.002214483063873975
RARA_DEL;0.0021529198524931075
TCF3_SNP;0.0021442741449604163
FBXW7_SNP;0.0020963753290042164
RB1_SNP;0.002077977553939774
PIK3R1_SNP;0.0020508494430108667
DNMT3A_INS;0.002032966664502764
H3F3A_SNP;0.002000563275827006
ESR1_SNP;0.002000212932311832
PIK3CA_SNP;0.0018706181177147248
STK11_SNP;0.0018666930044111277
XBP1_SNP;0.0018611467287422063
BCORL1_INS;0.0018239580274914036
NT5C2_SNP;0.0017564324576256928
KDR_DEL;0.0017544219766076653
FANCA_SNP;0.0016558677782099105
NPM1_DEL;0.0016386277495881482
RHPN2_SNP;0.0016031035610106663
IDH1_SNP;0.001594039551371222
ROS1_SNP;0.0015666548043805348
ICOSLG_SNP;0.0015578854439007
BCL2L11_SNP;0.0015335221010959236
TET2_SNP;0.0014662895647561264
MAX_SNP;0.001454991329712618
ROBO1_SNP;0.0014436544482024037
POT1_SNP;0.0014398384857344296
FLT1_INS;0.0014134283757971358
PGBD3_SNP;0.001399826493070266
EBF1_SNP;0.0013775679232989363
TRAF2_SNP;0.001362629152060905
KDM6B_SNP;0.0013468568365039948
BCOR_SNP;0.001338713157461336
ZFHX4_SNP;0.0012923571873847417
TERT_ONP;0.001272214338901831
PTEN_DEL;0.0012654881360788036
FLT1_SNP;0.001256943595666543
NOTCH3_INS;0.001237168656702117
BRIP1_INS;0.0012358522444682765
SMAD2_DEL;0.0012234099567835512
PIK3CA_DEL;0.0012171690670733384
JAK1_INS;0.0011856266333933145
EGFR_SNP;0.0011801425004219635
ATM_SNP;0.0011698117132300115
MUTYH_SNP;0.0011680780096833912
MEN1_INS;0.001157444852185876
PARK2_DEL;0.001138739701705675
FGFR4_SNP;0.0010738882963140088
POLB_SNP;0.001059902706308928
CARD11_SNP;0.0010365978947893969
KMT2C_SNP;0.0010295359273499367
MSH6_SNP;0.0010088745729585537
MAP3K14_SNP;0.0010059078269981077
TOP1_SNP;0.0010014628949156375
CDH23_SNP;0.000991270425551352
PRKDC_SNP;0.0009702670980078153
KDR_SNP;0.0009525733216524632
RNF43_DEL;0.0009438245780847575
VTCN1_SNP;0.0009438129299101404
BARD1_INS;0.0009346482478589637
POLD1_SNP;0.0009331045255672356
PKD1L2_SNP;0.0008901066112359867
TSHR_DEL;0.0008879736604840338
KAT6B_DEL;0.0008757253912958725
SPTA1_SNP;0.0008677505849647242
KMT2B_DEL;0.00086563182888277
GATA4_SNP;0.0008646945144754994
IKBKE_SNP;0.0008633036262583702
BCORL1_SNP;0.0008555925162895656
RECQL4_SNP;0.0008535958390031142
APC_INS;0.0008432653852390344
CDK12_INS;0.0008432132387205392
RBBP8_SNP;0.0008430916982969896
CRTC1_INS;0.0008377735983104633
CCND3_DEL;0.000827166010403838
GNAS-AS1_SNP;0.0008215931287447302
CBL_SNP;0.0008208164101502829
CUX1_DEL;0.000813172638540718
HLA-B_DEL;0.0008016479061709408
RBL2_SNP;0.0007936985969283129
SUFU_DEL;0.0007933245041246955
WHSC1L1_SNP;0.000790173734919761
BRCA2_SNP;0.0007866614738491718
KIF1B_SNP;0.0007766380815457586
IKZF3_SNP;0.0007629802738340257
WRN_DEL;0.0007580002905161822
EP300_SNP;0.000755730027284147
Unknown_SNP;0.0007385920420962482
AR_INS;0.0007236649320941323
POLQ_SNP;0.0007222516778573735
NSD1_SNP;0.0007123795800496546
IRF4_DEL;0.0007073215982881292
GAB1_SNP;0.0007071244937945981
UBE2T_SNP;0.0006919718524446434
SF3B1_SNP;0.0006916879515535964
RAD54L_SNP;0.0006908666855542672
KAT6B_SNP;0.0006890286979483662
MAML2_SNP;0.0006816568145762048
NTRK3_SNP;0.0006748560066980917
ERG_DEL;0.0006703312175099224
PTPRD_SNP;0.0006616354143010575
BCL6_DEL;0.0006540868022171662
ATR_SNP;0.0006510640279186835
PIK3C2G_SNP;0.000650686005899598
LRP1B_SNP;0.0006437846094552461
STK11_DEL;0.0006429097184291985
BCORL1_DEL;0.0006304507270044294
BRCA1_INS;0.0006244997986886324
RUNX1_SNP;0.0006158061724839014
SRSF2_SNP;0.0006108210038891486
PAXIP1_SNP;0.0006095249204682794
PPARG_DEL;0.0006085796096614644
FAH_SNP;0.0006014438693744086
BLM_SNP;0.0005931377500345069
C17orf70_SNP;0.0005931285959884202
ERCC6_DEL;0.0005925094864405294
PTK2B_SNP;0.0005916953615266685
PLK2_INS;0.0005911576885875395
NADK_SNP;0.0005786047751743835
SPRTN_SNP;0.0005784856549100456
MT-ND5_SNP;0.0005724580177509205
PDS5B_SNP;0.0005649686974606162
PTP4A1_SNP;0.0005623946055713741
DOCK8_SNP;0.0005555471009935281
RHBDF2_SNP;0.0005542689463396304
PTCH1_INS;0.0005482939342426457
SDHAF2_SNP;0.0005476175965780849
PTCH1_DEL;0.0005432112721947597
KCNIP1_SNP;0.0005424631603441267
IKZF1_DEL;0.0005394665439897743
BRD3_SNP;0.0005346631704700789
CEBPA_SNP;0.0005326028063567322
DIS3L2_SNP;0.0005289320490959859
XPC_SNP;0.0005139670988688049
PTCH1_DNP;0.0005138358129743783
FUS_SNP;0.0005091423974059338
POLE_SNP;0.0005004118974050697
SMAD4_SNP;0.0004960100831979954
CCND1_SNP;0.0004939173762995866
SOCS1_DNP;0.0004929244269857565
LYN_DEL;0.0004913885536963372
FGF4_SNP;0.0004650690946855428
MET_SNP;0.00046238051005218205
FANCA_INS;0.0004531969915843509
SMG1_SNP;0.00045085086665633283
TSC2_INS;0.00044856979853049147
PLAG1_SNP;0.00044726257864311576
CREBBP_DEL;0.00044602659244581563
FOXP1_SNP;0.00044401753858252407
PIK3R1_DEL;0.00044397545298773336
FANCG_SNP;0.00043618314808454146
RIF1_DEL;0.00043523091741793046
SH2B3_SNP;0.00042647848880915043
CDKN2B_SNP;0.00042606748263697387
CSF3R_INS;0.0004177711425226071
KMT2A_SNP;0.00040918123926877076
SETD2_INS;0.0004088708365020605
HNF1A_SNP;0.00040822740537514035
INSRR_SNP;0.0004044667987230595
MEN1_DEL;0.0004031025669584134
NIPBL_SNP;0.0004027830603957362
HIST1H3J_SNP;0.0004020685963711702
POT1_DEL;0.0004000432010572992
SLX4_SNP;0.0003973382190757167
RRAGC_SNP;0.000396364492822202
INPPL1_DEL;0.0003940830958664717
AXIN1_SNP;0.0003940228054739958
ERBB4_SNP;0.00039065853459300165
CTNNB1_SNP;0.0003904002120139364
TBX3_INS;0.0003876646276047076
ERCC4_SNP;0.0003875850518878649
TCF7L1_SNP;0.00038490543930033006
ROS1_DNP;0.00038100320751412284
TET2_INS;0.00038095949474057066
ALK_SNP;0.0003775604837199907
CRTC1_SNP;0.0003764531976104132
GATA1_SNP;0.00036906983145298255
BCOR_INS;0.00036652594189336217
KLF4_DEL;0.00036289078374661897
TET1_SNP;0.00036268718620354937
EME1_SNP;0.0003626336496114758
NTRK2_SNP;0.00036104334197068237
SRC_SNP;0.0003582111511648981
JAZF1_INS;0.000358022146290382
PIK3CG_SNP;0.00035801702420759266
SDHC_SNP;0.0003546035943320431
NRIP1_SNP;0.0003497779892402823
TRAF7_DEL;0.0003473445246447173
IPMK_SNP;0.0003455723641932352
GRIN2A_SNP;0.00034413277284793135
MLH1_DEL;0.0003436065581881223
EPHA7_DEL;0.0003424118323337476
PVRL4_SNP;0.0003421979172562673
NFE2L2_SNP;0.0003364113719235439
FAM46C_SNP;0.0003272915613307169
ASPSCR1_SNP;0.0003257967019773769
DIS3_SNP;0.00032538265057029033
SS18_SNP;0.00032417384293266326
MSH2_SNP;0.00031741557584290237
CDH1_SNP;0.0003165277221114427
ERCC5_DEL;0.0003158708860113247
LIG4_SNP;0.00031302715936903447
CUX1_SNP;0.0003129909351199168
PTPRT_SNP;0.0003107828934794016
LZTR1_DEL;0.00031052426466653306
MCL1_SNP;0.00030910086695518454
DEPDC5_SNP;0.00030216588149922585
KMT2D_DEL;0.0003005787577914451
WRN_INS;0.00029867644852846393
ERBB2_DEL;0.00029576277831812466
UPF1_SNP;0.0002923150703428266
FGF14_SNP;0.0002911170390526685
PRKCI_INS;0.0002910203637727781
XRCC4_SNP;0.00029091989307663163
ZFHX3_SNP;0.0002896371799849251
TP53_DNP;0.00028821137309784604
CDKN2A_SNP;0.0002859395893900252
ERG_SNP;0.00028494346976250755
CACNA1E_DEL;0.00028434969551850584
MYCN_SNP;0.00028184493343077317
RARA_INS;0.0002811759214942281
DCLRE1C_SNP;0.0002793476072198132
DROSHA_SNP;0.00027683300643824527
ARID2_DEL;0.00027141829973445383
ARID1A_INS;0.0002713767948391729
CSF3R_SNP;0.00026960821081843537
CHEK1_DEL;0.0002674313726317994
SMARCD1_SNP;0.00026716307803051483
USP8_INS;0.0002654127698478052
CNOT3_SNP;0.00026514621932505525
PTPRS_SNP;0.00026379590349168104
IKZF1_SNP;0.00026221372821898264
CCND2_SNP;0.0002596373311511323
COL7A1_SNP;0.00025883272229100643
KCNQ1_SNP;0.0002568661280472771
FGF19_SNP;0.0002561562326531086
SLC25A13_SNP;0.000253951330943972
ASXL1_INS;0.0002509470580335648
GLI3_SNP;0.0002501274689575559
PREX2_SNP;0.0002491462257003154
CYP2C19_SNP;0.00024802320545360454
GNA11_INS;0.00024754293060746274
MST1_SNP;0.0002462353204518185
CTCF_DEL;0.00024469796158128144
AGO2_INS;0.0002437911732804061
WRN_SNP;0.00024370214322952887
MED12_DEL;0.00024334245492556897
PRKCZ_SNP;0.0002429742605429299
BAI3_SNP;0.0002406648803722412
GLI1_DEL;0.00024038177574891
POLR2A_SNP;0.00023941306740830098
CDC73_INS;0.000239223547933422
RPTOR_SNP;0.00023872425615928893
SYNE1_DEL;0.00023721257021529037
CSF1R_SNP;0.00023639524687996014
BRIP1_SNP;0.00023637853560208526
FOXA1_SNP;0.0002358246640550245
AXIN2_DEL;0.00023360955805226788
CDK8_SNP;0.00023166974229433217
EZH2_INS;0.00023166788215349353
NTRK1_DEL;0.00022970566404637854
GLI2_DEL;0.00022955900824272893
PRPF8_SNP;0.00022903323799715482
JAK1_SNP;0.00022894616196026454
AMER1_SNP;0.00022882298977457025
AXL_SNP;0.00022848140861018307
ETV1_INS;0.00022686382993114692
MUS81_SNP;0.00022598070194392207
GNA11_SNP;0.0002245601201160004
EPHA3_SNP;0.00022193772522300308
ARID5B_SNP;0.0002217030897429761
ZNF703_DEL;0.00022137328644420714
CREBBP_SNP;0.00021984262907272798
XPO1_SNP;0.00021889830668157052
NF2_DEL;0.00021567185527336595
NOTCH4_DEL;0.0002136609607704071
PREX2_DNP;0.00021303670154956556
ERF_DEL;0.0002125957395535145
ASXL2_SNP;0.0002120863859068694
MDM2_DEL;0.00021027611681503577
NOTCH1_SNP;0.00021001381303890085
NOTCH3_DEL;0.0002090423661309713
PARP1_SNP;0.00020861540650501812
POLQ_DEL;0.00020702882894618854
RBM10_SNP;0.00020613761385875306
SMARCA4_SNP;0.00020406211467562796
REL_SNP;0.00020381172310145955
MTOR_SNP;0.00020369247050301464
MAGI2_SNP;0.00020349420110096848
PIK3C3_DEL;0.00020181087142014258
CDH1_DEL;0.00019960560413615538
DNAJB1_DEL;0.00019868098774353097
PTPRK_SNP;0.00019839639931629836
ARID1B_DEL;0.0001942214448289536
PIK3R1_INS;0.0001935668238969099
SRC_DEL;0.0001927679091710431
RAF1_SNP;0.00019211580777156565
NOTCH2_INS;0.00019098768666051091
CRTC1_DEL;0.00018967634901926827
INPPL1_SNP;0.0001884648243521497
NF2_SNP;0.00018824596376193682
FLT3_INS;0.0001880401918925372
ABCB11_SNP;0.00018786176806053954
ERBB2_SNP;0.00018678175998928267
CDKN1A_SNP;0.0001865726304960762
CIC_SNP;0.00018593296967727273
KDM6A_DNP;0.00018571846208399113
PAX5_SNP;0.00018533538041907448
SDHB_SNP;0.0001848711534867233
CDK6_SNP;0.00018353695873240194
DNMT3B_INS;0.0001802727936575188
NFKB2_SNP;0.00017572887338699824
H19_DEL;0.0001745919896940388
MITF_SNP;0.0001734268275806441
SIN3A_SNP;0.00017194457538983153
EIF4A2_SNP;0.00016708331593765172
MLH3_SNP;0.00016657922150726227
RAD50_SNP;0.00016637642988194247
RET_SNP;0.00016453145318056703
PDGFRA_SNP;0.0001644877484772972
AR_SNP;0.00016395626054009066
TET2_DNP;0.00016362260339934114
MECOM_SNP;0.00016332643709216434
PIK3CB_INS;0.0001632668969767217
PPM1D_SNP;0.00016291036885502887
RAD51D_SNP;0.00016165370903967554
IGF2_SNP;0.00016058490902410257
SHH_SNP;0.00016005454519697803
PDGFRB_SNP;0.00015756085068699313
KMT2B_SNP;0.00015746827707435079
FAN1_DEL;0.00015730390229034405
BRD4_SNP;0.00015705115556567174
TBX3_DNP;0.0001561978440721037
PRKAR1A_SNP;0.0001556198332788943
MEN1_SNP;0.00015525069745557588
JAK3_SNP;0.00015477634929827113
RSPO2_SNP;0.00015397004981747942
PBRM1_SNP;0.00015294354432027118
SMYD3_SNP;0.00015272566964572143
WHSC1_SNP;0.00015231935096768267
MAPKAP1_SNP;0.00015178293707270607
ANKRD11_INS;0.00015156718178933952
ARID1A_SNP;0.00015148933099588571
CTNNA1_SNP;0.0001508989257432818
RRAS_SNP;0.00014911002356093861
NTHL1_SNP;0.0001489404366793463
ERF_SNP;0.00014713725086261116
PIM1_DEL;0.0001471361120404225
IRS2_SNP;0.00014668973466408792
ARID2_INS;0.00014623456685931065
PTPRT_DEL;0.0001461176631734058
FGFR2_SNP;0.00014596959505063227
DAXX_INS;0.00014528680214413573
TSC1_INS;0.00014301444551179527
MYD88_SNP;0.0001428604640171915
EZH2_SNP;0.00014240889605438004
MAP2K1_SNP;0.0001380093642725917
ERCC6_SNP;0.00013690148085739807
SETD2_DEL;0.00013417531403494556
BLM_DEL;0.00013410535069057253
BCOR_DEL;0.00013384686141637778
NCOR1_SNP;0.00013231411430401468
FAN1_SNP;0.00013150528672628052
RARA_SNP;0.00012700952747121195
TAF1_SNP;0.00012652280128129403
PDCD1_SNP;0.000125910214442892
NKX2-1_INS;0.00012408748939722505
FGFR1_SNP;0.00012284726145681075
PIK3R3_SNP;0.00012213704793020058
FGFR3_SNP;0.00012150630182254256
FANCE_SNP;0.00012087282237089808
TNFAIP3_SNP;0.00011727097059232917
MAP2K2_SNP;0.00011722990796086497
HABP2_SNP;0.0001167359960401805
PPM1D_DEL;0.0001164796775083143
NOTCH3_SNP;0.00011611828986203132
CDH4_SNP;0.00011299029924751316
EWSR1_SNP;0.0001126022170401229
ANKRD11_SNP;0.0001122427855365469
C19orf40_SNP;0.00010974689888541032
IRS1_INS;0.00010911687032788131
GLI2_SNP;0.00010867187746399929
PHF6_SNP;0.00010825257851528595
MRE11A_DEL;0.0001070892261221484
B2M_DEL;0.0001068332618318699
SDHA_SNP;0.00010649774664993655
NCOR2_SNP;0.00010615701947322104
ALOX12B_SNP;0.00010517142697696493
ARHGEF12_SNP;0.00010497042851049517
DOT1L_INS;0.00010382967661547938
MSH2_INS;0.00010281191742561473
ALB_SNP;0.00010230267142058096
PMS1_SNP;0.00010072974554809574
MIR4457_SNP;0.0001001735694751185
TSC1_SNP;9.993762030494814e-05
NOTCH1_DEL;9.983036694862635e-05
IL7R_SNP;9.940711036610775e-05
KIT_SNP;9.847386880906972e-05
PML_SNP;9.83399912218485e-05
TFE3_DEL;9.691792812701469e-05
PIM1_SNP;9.676738008719822e-05
ATR_INS;9.67395639378543e-05
KMT2B_INS;9.58748652173045e-05
PAK7_SNP;9.532057992945078e-05
SMARCA4_DEL;9.43446006535943e-05
MED12_SNP;9.414048242933505e-05
GLI1_SNP;9.363553164883832e-05
IRF4_SNP;9.358244885474004e-05
KDM5C_SNP;9.345262818745229e-05
GATA3_DNP;9.234405315138502e-05
DNMT3B_SNP;9.143838776436845e-05
GATA3_DEL;8.95882629567718e-05
KDM5A_DNP;8.888780693417916e-05
DMD_SNP;8.879754620315326e-05
ARID1B_SNP;8.829306723969636e-05
LATS2_SNP;8.77166748056713e-05
CDKN2C_INS;8.648979835849011e-05
TRIM37_SNP;8.634975109616974e-05
PHLPP1_SNP;8.607451071242731e-05
SOX10_SNP;8.580133476464694e-05
KMT2D_INS;8.494606890717671e-05
DYNC1I1_SNP;8.470585308029713e-05
PIK3CG_DEL;8.384582039360023e-05
PIK3C2G_DNP;8.339548337278193e-05
IDH2_SNP;8.326113163373777e-05
ERRFI1_SNP;8.267768799643888e-05
STAT5B_SNP;8.191044507808633e-05
ETV6_SNP;8.140049825211723e-05
NBN_SNP;8.00741757199102e-05
ZNF217_SNP;8.007053840284993e-05
JAK1_DEL;7.9081143247177e-05
CREBBP_DNP;7.727835453567122e-05
FAT1_DEL;7.70462385558753e-05
CARD11_DEL;7.695105078271635e-05
GATA3_SNP;7.660070038688101e-05
CIC_DEL;7.45741720022779e-05
ZFHX3_DEL;7.44567092125317e-05
PIK3CB_SNP;7.445430844866403e-05
NFKBIE_SNP;7.434313568313561e-05
GEN1_SNP;7.357402192570138e-05
PML_DEL;7.342112429143531e-05
ATRX_INS;7.33919844018081e-05
KEAP1_DEL;7.245414974668111e-05
DIS3_DEL;7.217884599226139e-05
HIST1H3E_SNP;7.20148781514156e-05
TAP1_SNP;7.11851796076881e-05
DPYD_SNP;7.106456427648854e-05
DAXX_DEL;7.033021266907288e-05
RSPO3_SNP;6.739483129381731e-05
MN1_SNP;6.65995216879307e-05
PPARG_SNP;6.649552220822398e-05
KMT2A_DEL;6.452223838851943e-05
RAD21_SNP;6.398108671940468e-05
NUP93_SNP;6.267930049003845e-05
MECOM_DEL;6.175322312200639e-05
BRCA2_ONP;6.162847070639163e-05
TCF3_DNP;6.117683066035833e-05
DHX15_SNP;6.0914869074269465e-05
DOCK8_DEL;6.070908781958707e-05
PGR_SNP;6.03531275211841e-05
JAK3_DNP;5.972548566199513e-05
RANBP2_SNP;5.954163952453106e-05
PMS1_DEL;5.9511857833593785e-05
HELQ_SNP;5.93644888994384e-05
MLLT3_DEL;5.817934298180823e-05
NTRK2_DEL;5.7945567368880754e-05
GSK3B_SNP;5.660550686366893e-05
PMS2_DEL;5.6385057388777144e-05
TNFRSF14_SNP;5.543877381095015e-05
SPEN_SNP;5.508235265386446e-05
NRAS_SNP;5.4509046093294305e-05
MST1R_SNP;5.4349908084612914e-05
FLT3_SNP;5.4113269123496886e-05
FOXL2_SNP;5.336285418020484e-05
RUNX1T1_SNP;5.2813925123709576e-05
DNM2_SNP;5.2668763919277124e-05
SMAD2_SNP;5.2170980378543555e-05
PLCG2_SNP;5.20229688961203e-05
WHSC1_INS;5.133398718321763e-05
LATS1_SNP;5.068188815355514e-05
IRS1_DEL;5.0436046087869845e-05
SOX9_DEL;4.95698871852851e-05
BCL11B_DEL;4.928338408922843e-05
NTRK1_SNP;4.8881341410466936e-05
RBBP8_DEL;4.8848545879580915e-05
TSHR_INS;4.847530547318508e-05
TRAF7_SNP;4.841324589699304e-05
KDM6A_SNP;4.840556253485932e-05
RASA1_DEL;4.822975482658119e-05
DDB1_SNP;4.762808347778479e-05
CUX1_INS;4.7457075197811414e-05
MGA_SNP;4.631305038700176e-05
SESN1_SNP;4.5261396171097886e-05
DOT1L_SNP;4.4890697718850786e-05
H3F3C_SNP;4.480836569014965e-05
ATRX_DEL;4.447533667350578e-05
ATXN7_SNP;4.431587885899829e-05
MSH3_DEL;4.4098733762988206e-05
ERCC2_SNP;4.341591071202959e-05
PIK3C2B_SNP;4.189104170850634e-05
FLCN_DEL;4.183163600586438e-05
SPOP_SNP;4.1825367759715096e-05
RPS6KB2_SNP;4.098960097661408e-05
XRCC2_SNP;4.0888042157893454e-05
STAT3_SNP;4.026592128183996e-05
AXIN2_SNP;3.975518257441445e-05
ABL1_SNP;3.974843589077413e-05
SMO_SNP;3.9625968191636226e-05
CHD5_SNP;3.9346516362560836e-05
DNMT3A_SNP;3.924916804403607e-05
GPS2_SNP;3.893593047903309e-05
ERBB2_DNP;3.8836924565195656e-05
FAT1_DNP;3.869736582061383e-05
BLM_INS;3.761306114894861e-05
AURKB_SNP;3.736032569885712e-05
PPP2R1A_SNP;3.674195467448219e-05
XPA_DEL;3.5796196871617743e-05
INPP4A_SNP;3.5124622835446234e-05
SOX9_INS;3.4684476273993756e-05
MDC1_SNP;3.46593858746198e-05
MGMT_SNP;3.4576868448988716e-05
MYCL_SNP;3.4489705899695164e-05
FLT4_SNP;3.432835093902581e-05
PPP6C_SNP;3.330845824472931e-05
TSC2_SNP;3.317563380352656e-05
DICER1_SNP;3.236032504485968e-05
KDM6B_DEL;3.2260853773244986e-05
PALB2_SNP;3.154736249695419e-05
RAC2_SNP;3.142885999648165e-05
PPP4R2_SNP;3.142003686687394e-05
PLCB4_SNP;3.133898805068591e-05
CASP8_SNP;3.0809371641958726e-05
MYCN_DEL;3.0234954643498396e-05
ATM_INS;3.014444205100167e-05
BRE_SNP;2.9978401176704944e-05
ZNRF3_SNP;2.925995824526138e-05
BCL6_SNP;2.7730922054720953e-05
GATA6_INS;2.7562524704296987e-05
TCF7L2_DEL;2.754650507703451e-05
CHD4_SNP;2.6874163496546326e-05
WNK2_SNP;2.6507155695652875e-05
IDH1_DEL;2.644779492700337e-05
HNF1A_DEL;2.6312784182876845e-05
STAG2_DEL;2.614555674206518e-05
NAB2_SNP;2.6142829263753428e-05
GNAS_SNP;2.5834137419706423e-05
FLT1_DEL;2.563999543688648e-05
FAM58A_SNP;2.533346021607336e-05
NSD1_INS;2.5073493338835345e-05
XRCC2_INS;2.499010573429041e-05
WT1_SNP;2.493194227194079e-05
PMS2_SNP;2.4419416413343553e-05
NCOR2_DEL;2.4388733542181903e-05
WHSC1_DEL;2.4309571243597774e-05
RXRA_SNP;2.4227609527982514e-05
SLX4_DEL;2.4136802381933374e-05
CD276_SNP;2.390385475742881e-05
ABL1_DEL;2.311400744545409e-05
TP63_SNP;2.2744164343003274e-05
PTPN14_SNP;2.2496165306519303e-05
STK40_SNP;2.2322428920188403e-05
FH_SNP;2.1871145709280295e-05
CALR_SNP;2.1839796834185727e-05
CD79A_SNP;2.1187776680410472e-05
NOTCH2_SNP;2.11441448194781e-05
BCL2L1_SNP;2.1109178917502396e-05
SMARCB1_SNP;2.104208647378266e-05
TP53BP1_SNP;2.0828631600460166e-05
FLCN_SNP;2.038421015095641e-05
TNFAIP3_DEL;2.0159023109304294e-05
MEF2BNB-MEF2B_INS;2.0115179387527554e-05
PBRM1_DEL;1.9846842033433074e-05
GNA13_SNP;1.8031780355323678e-05
HIST1H3I_SNP;1.766329162338658e-05
KDR_DNP;1.73040812478137e-05
AKT1_SNP;1.7013076420442404e-05
SPEN_DEL;1.690890357355151e-05
CLDN18_SNP;1.6693718369415654e-05
CASP8_INS;1.629009498521574e-05
ZNF703_SNP;1.618705680912426e-05
EXT2_SNP;1.612743610828395e-05
CDC73_SNP;1.5570736946602844e-05
GATA2_SNP;1.4913532864181483e-05
CTLA4_SNP;1.4299137060173459e-05
KDM5A_INS;1.3661980516178853e-05
HLA-B_SNP;1.3211476705325302e-05
ALK_DEL;1.3180330571591458e-05
GBA_SNP;1.3085075735078112e-05
CCND2_DEL;1.2704267700644696e-05
NSD1_DEL;1.2182575705145795e-05
PIK3CD_SNP;1.1967217432720655e-05
C1orf147_SNP;1.091574665059951e-05
COL1A1_SNP;1.0764741463698911e-05
SOX17_DEL;1.0598616965218557e-05
FLT4_DEL;1.0476838618357265e-05
MET_DEL;1.027345087688184e-05
SUZ12_SNP;9.649200882618583e-06
CD79B_SNP;9.236382547733321e-06
CDK12_SNP;8.863845357026857e-06
MPL_SNP;8.263586454166271e-06
EPHB1_SNP;8.093231817926988e-06
BOD1L1_SNP;7.860728042090398e-06
RIF1_SNP;7.816619939351103e-06
PIK3C2G_DEL;7.023908408768938e-06
GAB2_SNP;6.749448005410833e-06
PTPRB_SNP;5.824116065134357e-06
POLD1_DEL;5.778995139000837e-06
HIST1H3B_SNP;5.60542348883003e-06
KLF6_SNP;0.0
RHOT1_DEL;0.0
TRIM37_INS;0.0
HIST1H2BD_INS;0.0
GAB1_DNP;0.0
H3F3C_INS;0.0
U2AF2_DNP;0.0
ACTG1_ONP;0.0
MAP3K9_SNP;0.0
PIK3R2_DEL;0.0
SOX17_INS;0.0
DUSP2_INS;0.0
NCOR1_ONP;0.0
CASR_SNP;0.0
BLNK_SNP;0.0
THBS1_DEL;0.0
EZH1_DEL;0.0
HIST1H3F_INS;0.0
CHURC1_SNP;0.0
TOP1_DNP;0.0
TCF3_DEL;0.0
KDM6A_DEL;0.0
POLH_DNP;0.0
NPRL2_DEL;0.0
MLH3_DNP;0.0
RPA1_DNP;0.0
MSI1_SNP;0.0
GBA_DEL;0.0
RECQL4_ONP;0.0
NF2_DNP;0.0
IDO1_INS;0.0
RAB35_SNP;0.0
TYRO3_INS;0.0
ROBO1_DEL;0.0
RARA_DNP;0.0
RPS6KA4_SNP;0.0
HIST1H1C_ONP;0.0
HIST1H2BK_SNP;0.0
INHBA_INS;0.0
EED_DNP;0.0
NIN_DEL;0.0
ZFPM1_DNP;0.0
IGF2R_INS;0.0
NKX3-1_ONP;0.0
MARK4_DNP;0.0
LDLR_DEL;0.0
L2HGDH_DEL;0.0
SOCS1_INS;0.0
IFNAR2_DNP;0.0
TRAF5_SNP;0.0
PHOX2B_INS;0.0
RHOA_ONP;0.0
PRR16_SNP;0.0
ELF3_SNP;0.0
PRKCI_SNP;0.0
NTHL1_INS;0.0
DDB2_ONP;0.0
FAM175A_DEL;0.0
MEF2BNB-MEF2B_SNP;0.0
MCL1_DEL;0.0
SS18_ONP;0.0
EPHB4_ONP;0.0
IL10_INS;0.0
EXT1_INS;0.0
CDH2_DEL;0.0
DUSP4_INS;0.0
PGBD3_INS;0.0
CDC42_INS;0.0
GABRA6_DEL;0.0
MAP3K1_SNP;0.0
CRCT1_DNP;0.0
SNCAIP_DNP;0.0
SLX4_INS;0.0
TRGJP_DEL;0.0
IGHJ2_SNP;0.0
NPRL3_SNP;0.0
TGFB1_INS;0.0
TBX22_SNP;0.0
ANKRD11_ONP;0.0
SMC3_DEL;0.0
MIR4457_ONP;0.0
ELF3_ONP;0.0
CBFA2T3_DEL;0.0
NRIP1_DEL;0.0
GLI3_ONP;0.0
ENG_INS;0.0
XRCC5_SNP;0.0
HRAS_DNP;0.0
CD40_DEL;0.0
HOXB13_ONP;0.0
ERRFI1_ONP;0.0
RINT1_INS;0.0
HIST1H1D_DEL;0.0
AMER1_DNP;0.0
CHD2_ONP;0.0
TOP2A_DNP;0.0
RAC1_ONP;0.0
TMEM127_DEL;0.0
IFNAR2_DEL;0.0
FLI1_DEL;0.0
PRPF40B_SNP;0.0
CDT1_SNP;0.0
IL2RA_SNP;0.0
DIS3L2_DNP;0.0
STK11_DNP;0.0
SPTA1_ONP;0.0
AKT2_SNP;0.0
NFKB1_SNP;0.0
FLCN_DNP;0.0
DDX41_SNP;0.0
BCL2L12_INS;0.0
MOB3B_SNP;0.0
NIN_ONP;0.0
FGF6_ONP;0.0
ITGB2_DEL;0.0
GPS2_ONP;0.0
H19_ONP;0.0
HIST1H2BD_DEL;0.0
RASA2_DNP;0.0
EGLN1_INS;0.0
TRAJ16_SNP;0.0
PTPN11_DEL;0.0
SEC23B_SNP;0.0
U2AF2_DEL;0.0
PML_ONP;0.0
LRP6_SNP;0.0
FOSB_SNP;0.0
HMGA2_SNP;0.0
MALT1_SNP;0.0
SDHB_DNP;0.0
GBA_DNP;0.0
ARID1B_ONP;0.0
CDK4_SNP;0.0
GATA6_DEL;0.0
CD28_SNP;0.0
SH2B3_INS;0.0
UBR5_INS;0.0
MUC16_INS;0.0
FAT1_ONP;0.0
ASMTL_SNP;0.0
CD79B_DNP;0.0
HIST1H3H_DNP;0.0
RPA2_SNP;0.0
ATP8B1_SNP;0.0
PBX1_INS;0.0
DYNC2H1_DEL;0.0
KIT_ONP;0.0
ZMYM2_DEL;0.0
ICK_SNP;0.0
PRDM14_ONP;0.0
PPP1R15A_DEL;0.0
IGHD6-13_DEL;0.0
STAT4_INS;0.0
SERPINA1_INS;0.0
GNAS-AS1_INS;0.0
PARP2_SNP;0.0
EPHB6_INS;0.0
BAI3_INS;0.0
MRE11A_ONP;0.0
MAP3K10_INS;0.0
EME1_DEL;0.0
TGFBR1_DNP;0.0
RRAGC_INS;0.0
NKX2-1-AS1_INS;0.0
SSX2_SNP;0.0
KBTBD4_DNP;0.0
SMG1_DEL;0.0
MS4A1_DEL;0.0
PSMD13_DEL;0.0
KMT2C_DEL;0.0
RFC3_SNP;0.0
PIK3CA_INS;0.0
HLA-DPB2_SNP;0.0
NPM1_SNP;0.0
CADM2_DEL;0.0
RRAS2_DNP;0.0
PGBD5_DEL;0.0
RPL22_SNP;0.0
CYLD_DEL;0.0
SMC3_SNP;0.0
FOS_SNP;0.0
PRPF8_DEL;0.0
MS4A1_DNP;0.0
MCM8_DNP;0.0
KIF5B_SNP;0.0
CRTC3_SNP;0.0
PTPRB_DNP;0.0
CD79B_INS;0.0
ATP8B1_DNP;0.0
MAP2K2_ONP;0.0
POU2F2_SNP;0.0
NAV3_DNP;0.0
JAK2_SNP;0.0
ETV4_INS;0.0
PIK3R3_INS;0.0
AC068134.10_INS;0.0
FGF9_ONP;0.0
TFEB_DNP;0.0
PIK3R2_INS;0.0
TLR4_INS;0.0
CUL4B_DEL;0.0
HLA-DRA_SNP;0.0
MTCP1_DEL;0.0
PLAG1_DNP;0.0
DCC_INS;0.0
TAL1_DNP;0.0
TGFBR1_INS;0.0
POLB_DEL;0.0
SRP19_SNP;0.0
FOXF1_DEL;0.0
LTB_ONP;0.0
CDKN2C_DNP;0.0
DEK_SNP;0.0
UIMC1_DEL;0.0
TRAJ29_SNP;0.0
MKL1_SNP;0.0
BEND2_DEL;0.0
NEGR1_INS;0.0
CDH23_ONP;0.0
NCOA3_DEL;0.0
PNRC1_DEL;0.0
IPMK_INS;0.0
PGBD5_SNP;0.0
TSHZ3_ONP;0.0
ABCB11_INS;0.0
JUN_INS;0.0
TFEB_DEL;0.0
RP11-366L20.2_SNP;0.0
MYCN_DNP;0.0
TRAJ17_SNP;0.0
FANCB_INS;0.0
CDC45_DEL;0.0
HIST1H2AL_SNP;0.0
PRKAR1A_INS;0.0
MAP3K5_DNP;0.0
HAS3_SNP;0.0
UMODL1_SNP;0.0
UBR5_SNP;0.0
PLCB4_DNP;0.0
PDGFRB_DNP;0.0
JUN_DNP;0.0
SMARCA2_DNP;0.0
FIP1L1_DNP;0.0
PCDHAC1_SNP;0.0
TRAJ53_SNP;0.0
HIST1H3B_DNP;0.0
LTB_SNP;0.0
RIF1_ONP;0.0
FYN_SNP;0.0
HNRNPK_SNP;0.0
HIST1H3B_ONP;0.0
NRAS_INS;0.0
U2AF2_SNP;0.0
RPL10_SNP;0.0
NTRK1_INS;0.0
NIPBL_DEL;0.0
TRAJ59_SNP;0.0
EIF4A2_INS;0.0
FGFR4_DNP;0.0
C3orf70_SNP;0.0
AURKB_DNP;0.0
DST_INS;0.0
RPEP4_SNP;0.0
NIN_SNP;0.0
GNA12_SNP;0.0
DMC1_SNP;0.0
KDM5A_DEL;0.0
CDK4_ONP;0.0
FGF4_DEL;0.0
IFIT2_SNP;0.0
PRKD1_DEL;0.0
LZTR1_DNP;0.0
ZNF384_DEL;0.0
COL1A1_DNP;0.0
SRSF2_ONP;0.0
IFNAR1_SNP;0.0
STAT3_INS;0.0
LMO2_INS;0.0
PVRL4_DNP;0.0
IGHJ4_SNP;0.0
HSD3B1_INS;0.0
ZNF217_DEL;0.0
CHEK1_ONP;0.0
CLDN18_DNP;0.0
STAT5B_DEL;0.0
CUL4B_INS;0.0
ZNF750_DEL;0.0
CYLD_ONP;0.0
NBN_DEL;0.0
TBL1XR1_INS;0.0
FMNL3_SNP;0.0
EGFL7_DEL;0.0
FLT3_ONP;0.0
CFL1_SNP;0.0
BIRC2_DEL;0.0
BLNK_INS;0.0
TGFBR1_ONP;0.0
ZFHX4_DEL;0.0
LARP4B_INS;0.0
HLA-DMB_ONP;0.0
JUN_SNP;0.0
PLCG2_ONP;0.0
C11orf65_SNP;0.0
IGHD5-5_SNP;0.0
FGF14_DEL;0.0
CHD2_INS;0.0
HIST1H3H_DEL;0.0
NTRK3_ONP;0.0
NDFIP1_SNP;0.0
IRF1_SNP;0.0
PRKACA_DEL;0.0
INSR_INS;0.0
GABRA6_DNP;0.0
ASXL1_DNP;0.0
TRAJ58_SNP;0.0
USH2A_DEL;0.0
PRIMARY_RACE;0.0
UBE2T_DNP;0.0
FANCI_DEL;0.0
STK19_INS;0.0
CTD-2267D19.2_DNP;0.0
SOX2_SNP;0.0
C11orf30_DEL;0.0
ELP2_SNP;0.0
H3F3C_DEL;0.0
PARK2_ONP;0.0
PDK1_INS;0.0
ICOSLG_INS;0.0
PRKCQ_SNP;0.0
IRF2_SNP;0.0
FH_DNP;0.0
SF1_DEL;0.0
MIR4457_INS;0.0
CHEK2_DEL;0.0
UBE2T_ONP;0.0
MIB1_DEL;0.0
PARK2_DNP;0.0
EPCAM_DNP;0.0
MTOR_INS;0.0
AJUBA_DEL;0.0
PTPN13_DEL;0.0
FRMD3_SNP;0.0
IRF8_INS;0.0
ABCB11_DNP;0.0
DOT1L_ONP;0.0
RTEL1_DNP;0.0
RFWD2_DNP;0.0
GH1_SNP;0.0
TPMT_SNP;0.0
KDM5C_INS;0.0
SDHC_INS;0.0
KIT_DEL;0.0
PER1_DNP;0.0
RP11-322N21.2_SNP;0.0
CDKN2A_DEL;0.0
ALK_DNP;0.0
UROD_SNP;0.0
CTNNB1_ONP;0.0
VAV2_SNP;0.0
RFWD2_DEL;0.0
FGF4_DNP;0.0
RPS6KB2_DNP;0.0
LATS1_DNP;0.0
TSHR_ONP;0.0
MDM2_ONP;0.0
EIF1AX_DEL;0.0
CIITA_DNP;0.0
KLF5_SNP;0.0
SOX9_ONP;0.0
PHOX2B_SNP;0.0
PRKDC_INS;0.0
NAB2_DEL;0.0
HNF1B_SNP;0.0
TET3_SNP;0.0
LRRFIP2_SNP;0.0
SMAD2_INS;0.0
BTG2_SNP;0.0
TGM7_DEL;0.0
UROD_DNP;0.0
OTX2_DNP;0.0
PRF1_SNP;0.0
JAK3_DEL;0.0
CSDE1_INS;0.0
BAP1_DEL;0.0
MAP2K4_DNP;0.0
CDH4_DNP;0.0
SLC34A2_ONP;0.0
FAM46C_DNP;0.0
HOOK3_DEL;0.0
TAP1_DNP;0.0
FANCL_DEL;0.0
AXL_ONP;0.0
SLC25A13_DEL;0.0
NFE2L2_ONP;0.0
THSD7A_SNP;0.0
GEN1_DEL;0.0
NUF2_SNP;0.0
PDGFB_DEL;0.0
FLT4_ONP;0.0
MNX1_SNP;0.0
RELA_SNP;0.0
ABL1_ONP;0.0
AFF2_DEL;0.0
PTPRD_DNP;0.0
CNOT3_DEL;0.0
RAC2_DEL;0.0
MCM7_SNP;0.0
HEY1_ONP;0.0
DCC_DEL;0.0
MYCN_ONP;0.0
PPARA_DEL;0.0
CDK1_SNP;0.0
GATA1_DNP;0.0
MYOD1_SNP;0.0
FGF10_ONP;0.0
MNX1_INS;0.0
SETD1A_DNP;0.0
ROS1_INS;0.0
BEND2_SNP;0.0
FANCL_ONP;0.0
TP53_ONP;0.0
SMAD3_INS;0.0
FGF5_DEL;0.0
MT-ND5_INS;0.0
CACNA1E_INS;0.0
XRCC6_INS;0.0
ARFRP1_DNP;0.0
OTX2_INS;0.0
ZNRF3_INS;0.0
HDAC7_SNP;0.0
CIC_DNP;0.0
BCL9_INS;0.0
FGFR1_INS;0.0
PCLO_DEL;0.0
VHL_DNP;0.0
CDK9_DEL;0.0
HOXA3_SNP;0.0
MIR3135B_DEL;0.0
EPHA7_DNP;0.0
PPP6C_DEL;0.0
GRM3_SNP;0.0
PPP4R2_INS;0.0
SMAD2_DNP;0.0
STAT6_DNP;0.0
STAG2_ONP;0.0
FDPS_SNP;0.0
MIR5196_SNP;0.0
HLA-DRB6_SNP;0.0
EBF1_INS;0.0
IL7R_ONP;0.0
ERCC3_SNP;0.0
SESN2_SNP;0.0
FANCA_DNP;0.0
SAMHD1_DEL;0.0
CCDC157_SNP;0.0
ITGA10_DEL;0.0
ARID2_DNP;0.0
VAV1_SNP;0.0
RPA1_ONP;0.0
IDH2_DNP;0.0
TAZ_INS;0.0
CCND2_INS;0.0
MTA1_DNP;0.0
GLI3_DNP;0.0
OR6A2_SNP;0.0
C1orf86_DNP;0.0
CFL1_INS;0.0
RAD54L_INS;0.0
MTAP_DNP;0.0
CDKN1C_DEL;0.0
TRIP13_SNP;0.0
PHOX2B_ONP;0.0
TERC_ONP;0.0
ZFP36L1_DEL;0.0
BCL11B_ONP;0.0
PRKCA_INS;0.0
BCL2L12_DNP;0.0
LATS2_DEL;0.0
TRAJ52_SNP;0.0
TRRAP_INS;0.0
LEF1_DEL;0.0
ASXL1_ONP;0.0
REST_SNP;0.0
RP11-288G3.4_SNP;0.0
E2F3_INS;0.0
CDKN1B_DEL;0.0
EXO1_ONP;0.0
JUN_DEL;0.0
CDK2_DEL;0.0
CRLF2_SNP;0.0
RXRA_ONP;0.0
MTR_SNP;0.0
GUCY1A2_DEL;0.0
AFF3_INS;0.0
PGBD5_INS;0.0
AKT3_SNP;0.0
ACVR2A_SNP;0.0
TET3_DEL;0.0
PNRC1_INS;0.0
MAP2K4_DEL;0.0
CUL4A_DEL;0.0
ERBB2_ONP;0.0
SOX17_DNP;0.0
ZNF703_INS;0.0
PAX8_INS;0.0
L1CAM_SNP;0.0
TEK_SNP;0.0
CRLF2_DEL;0.0
SS18_DNP;0.0
CCND1_DEL;0.0
HGF_DNP;0.0
WAS_SNP;0.0
CCNE1_DNP;0.0
PIK3CB_DNP;0.0
C7orf55-LUC7L2_SNP;0.0
EML4_DEL;0.0
RHOH_DEL;0.0
RHEB_ONP;0.0
USP6_INS;0.0
SESN1_DNP;0.0
XPO1_INS;0.0
MDM2_SNP;0.0
XBP1_INS;0.0
SUZ12_DNP;0.0
BRCA1_DNP;0.0
MAFB_INS;0.0
NKX3-1_SNP;0.0
BRCC3_DEL;0.0
PTPN1_DNP;0.0
PLK2_DNP;0.0
CDH1_ONP;0.0
HLA-F_SNP;0.0
PRAME_DEL;0.0
GRM8_SNP;0.0
FGF2_DNP;0.0
NRAS_DNP;0.0
MST1R_INS;0.0
LMO3_DEL;0.0
SETD8_DEL;0.0
ARFGAP3_DEL;0.0
PAX5_DNP;0.0
FOXO1_DEL;0.0
IFNGR2_INS;0.0
CYP2D6_SNP;0.0
ARID1A_DNP;0.0
MYC_DNP;0.0
CYLD_DNP;0.0
ACVR2A_INS;0.0
NSD1_ONP;0.0
RINT1_SNP;0.0
USP7_INS;0.0
LEF1_INS;0.0
NRG3_SNP;0.0
FKBP9_SNP;0.0
BIRC3_INS;0.0
INHBA_ONP;0.0
PIM1_INS;0.0
ZNF217_DNP;0.0
SPTA1_DEL;0.0
TLR4_DEL;0.0
FANCF_SNP;0.0
CHEK1_INS;0.0
DDX3X_SNP;0.0
ETS1_DEL;0.0
RNF213_SNP;0.0
TFE3_SNP;0.0
CDK2_SNP;0.0
FANCC_DEL;0.0
MAPK1_DNP;0.0
TAF1_DNP;0.0
FGF8_INS;0.0
HRAS_SNP;0.0
SESN3_DEL;0.0
HLA-A_SNP;0.0
ERG_INS;0.0
PDPK2_SNP;0.0
ELF3_DNP;0.0
NSD1_DNP;0.0
SESN2_DEL;0.0
MEF2C_SNP;0.0
TRAF2_INS;0.0
SDHB_ONP;0.0
UPF1_INS;0.0
NFE2_SNP;0.0
FGF8_DEL;0.0
ZMYM3_DEL;0.0
CD79B_ONP;0.0
PDGFRA_DNP;0.0
ROBO1_DNP;0.0
WT1_ONP;0.0
IKZF2_SNP;0.0
RYBP_SNP;0.0
SETD8_DNP;0.0
DCUN1D1_SNP;0.0
HIST1H3F_DEL;0.0
PRF1_DNP;0.0
TRBC2_SNP;0.0
CYP3A5_SNP;0.0
PCBP1_SNP;0.0
SMARCA2_DEL;0.0
HIST1H2BJ_DEL;0.0
MTRR_DNP;0.0
ZNF703_DNP;0.0
PRKCA_DNP;0.0
GRM8_INS;0.0
SMARCA2_SNP;0.0
SH2D1A_ONP;0.0
ITK_DNP;0.0
FGF23_ONP;0.0
MAFB_SNP;0.0
CSMD3_DEL;0.0
FBXW7_ONP;0.0
CENPA_INS;0.0
PSIP1_DEL;0.0
TAL2_SNP;0.0
FKBP9_DNP;0.0
IGHD3-9_SNP;0.0
SRY_SNP;0.0
OTX2_DEL;0.0
DEK_DEL;0.0
DPYD_DNP;0.0
FGFR3_DEL;0.0
MAX_DNP;0.0
ESCO2_DEL;0.0
CBL_ONP;0.0
PML_DNP;0.0
PRDM16_DEL;0.0
TDG_DNP;0.0
SOX10_DEL;0.0
CADM2_DNP;0.0
PTPRB_INS;0.0
GATA4_INS;0.0
FOXL2_INS;0.0
RNF213_DEL;0.0
SYNE2_INS;0.0
NF1_DNP;0.0
DUSP6_DEL;0.0
CTLA4_INS;0.0
NPRL2_DNP;0.0
OMD_SNP;0.0
C9orf129_SNP;0.0
RAD52_DEL;0.0
CLTCL1_INS;0.0
TSHR_SNP;0.0
IL6R_SNP;0.0
MTHFD2_DEL;0.0
BMPR1A_DNP;0.0
PNKP_DEL;0.0
AFF1_SNP;0.0
INSRR_DEL;0.0
LPHN3_DEL;0.0
HNF1A_DNP;0.0
PBRM1_ONP;0.0
MT-ND6_DEL;0.0
L2HGDH_ONP;0.0
BIRC3_SNP;0.0
Unknown_INS;0.0
RHEB_SNP;0.0
HFE_INS;0.0
NUP214_SNP;0.0
RFWD2_ONP;0.0
RSPO3_DNP;0.0
FOXP4_SNP;0.0
SLC45A3_DEL;0.0
CSF1R_DNP;0.0
PDGFB_DNP;0.0
FOXF1_INS;0.0
IFNL3_ONP;0.0
SMARCC1_SNP;0.0
EGFL7_ONP;0.0
KEAP1_INS;0.0
INPP4B_ONP;0.0
AHNAK_SNP;0.0
RRAS_INS;0.0
SMARCE1_SNP;0.0
DIS3L2_DEL;0.0
PTPRM_SNP;0.0
CBLC_DNP;0.0
PTP4A1_DEL;0.0
CRLF2_INS;0.0
SSX4_DEL;0.0
SPRY1_DNP;0.0
HLA-DPB1_SNP;0.0
BAP1_DNP;0.0
LAMP1_ONP;0.0
PDCD1LG2_INS;0.0
MST1R_ONP;0.0
CLDN18_INS;0.0
DMC1_DNP;0.0
HIF1A_SNP;0.0
MARK4_SNP;0.0
T_DEL;0.0
ZBTB20_INS;0.0
PRPF8_INS;0.0
CRBN_SNP;0.0
SP140_DEL;0.0
DICER1_INS;0.0
KDR_INS;0.0
KDM6A_INS;0.0
NCKAP5_SNP;0.0
NRG1_DEL;0.0
CUL1_SNP;0.0
PPP2R2A_SNP;0.0
MYBL1_DEL;0.0
IDH2_DEL;0.0
KAT6B_DNP;0.0
SMARCA2_INS;0.0
RPS6KA4_DEL;0.0
AURKB_INS;0.0
ZNF521_DEL;0.0
NFE2L2_DNP;0.0
PTPRB_DEL;0.0
HSP90AA1_ONP;0.0
TLR4_SNP;0.0
PRSS8_SNP;0.0
UBR5_DNP;0.0
ESPL1_ONP;0.0
EXOSC6_SNP;0.0
RRAS_ONP;0.0
SMARCA2_ONP;0.0
RNASEL_SNP;0.0
AKT3_DNP;0.0
RP11-244F12.3_DNP;0.0
ALOX12B_DEL;0.0
CRTC1_ONP;0.0
MSI1_INS;0.0
APOB_DEL;0.0
EIF1AX_ONP;0.0
HNRNPK_DNP;0.0
COL2A1_DEL;0.0
CRTC2_INS;0.0
CHD1_SNP;0.0
SMAD4_INS;0.0
RHBDF2_INS;0.0
ABL2_ONP;0.0
DNAH2_SNP;0.0
NTRK2_ONP;0.0
C17orf70_ONP;0.0
LMO1_SNP;0.0
DCC_DNP;0.0
HIST1H1E_SNP;0.0
UIMC1_INS;0.0
SDHC_ONP;0.0
TAL2_INS;0.0
SLC7A8_SNP;0.0
KDM5D_SNP;0.0
AURKB_DEL;0.0
MPEG1_SNP;0.0
PTK2_DNP;0.0
RAD51D_DEL;0.0
ZNF708_DEL;0.0
PCM1_DNP;0.0
HSD11B2_DEL;0.0
NCSTN_SNP;0.0
FGF23_DNP;0.0
SERPINB4_INS;0.0
TERT_DEL;0.0
RSF1_INS;0.0
SPRY2_INS;0.0
CYSLTR2_DEL;0.0
SRSF2_INS;0.0
FANCD2_DNP;0.0
FUBP1_DEL;0.0
CRKL_INS;0.0
ERCC3_DNP;0.0
TCF12_INS;0.0
MET_INS;0.0
PIK3C2B_ONP;0.0
SOS1_INS;0.0
IGF1R_ONP;0.0
PREX2_ONP;0.0
BCORL1_DNP;0.0
TRAJ7_SNP;0.0
RPA1_INS;0.0
ICK_DEL;0.0
NDFIP1_DEL;0.0
SOS2_INS;0.0
ETV6_DEL;0.0
TRAJ49_DEL;0.0
IGLJ3_SNP;0.0
IGF1_DNP;0.0
NUP93_DEL;0.0
ARAF_INS;0.0
MAP3K6_DEL;0.0
HLA-DQB2_INS;0.0
SDHAF2_DNP;0.0
BCL2L12_SNP;0.0
INSR_SNP;0.0
MT-TL2_DEL;0.0
HMGA2_INS;0.0
HIST1H2BO_SNP;0.0
HERC2_SNP;0.0
FAM20A_DEL;0.0
FLT3_DEL;0.0
POLH_SNP;0.0
CREB1_SNP;0.0
BAI3_ONP;0.0
HIST1H2BG_SNP;0.0
ARID1B_INS;0.0
ATP6V1B2_SNP;0.0
U2AF1_SNP;0.0
NFKBIA_ONP;0.0
GID4_INS;0.0
NEK1_SNP;0.0
ARAF_SNP;0.0
FANCE_INS;0.0
RET_INS;0.0
CRBN_INS;0.0
FYN_INS;0.0
TRAF3_DEL;0.0
DNAJB1_SNP;0.0
SYK_DNP;0.0
TOP1_INS;0.0
GPC3_DEL;0.0
LRRC14_SNP;0.0
PIAS4_SNP;0.0
TSHZ3_INS;0.0
SLFN11_DNP;0.0
AKAP9_DNP;0.0
IRS2_ONP;0.0
RAD51_INS;0.0
DYNC1I1_ONP;0.0
SMARCC2_SNP;0.0
TRAF3_SNP;0.0
FOS_DEL;0.0
LTF_INS;0.0
IGF2_DNP;0.0
SCG5_SNP;0.0
SLC34A2_INS;0.0
SQSTM1_DEL;0.0
KIF5B_INS;0.0
DDX31_DEL;0.0
PAK3_DNP;0.0
FOXO3_SNP;0.0
WEE1_SNP;0.0
MSH6_INS;0.0
ACVR1B_INS;0.0
IKZF3_DEL;0.0
ETV3_INS;0.0
LRP1B_DNP;0.0
ACVR1_SNP;0.0
IKBKB_INS;0.0
AXL_DEL;0.0
CYP19A1_SNP;0.0
GAB2_DNP;0.0
ERCC1_INS;0.0
PIK3R2_DNP;0.0
TRGJP_SNP;0.0
KDM6B_INS;0.0
ERCC1_DEL;0.0
CLPTM1L_DEL;0.0
DNAJB1_DNP;0.0
BMPR1A_INS;0.0
MUTYH_DEL;0.0
STK40_DEL;0.0
FOXL2_DNP;0.0
KIF1B_INS;0.0
BCOR_ONP;0.0
PHF1_SNP;0.0
HIST1H2BD_DNP;0.0
STMN2_SNP;0.0
SMC3_ONP;0.0
HLA-DOB_SNP;0.0
PTCH1_ONP;0.0
KLRG1_SNP;0.0
CTR9_INS;0.0
PARP1_ONP;0.0
TSHZ2_SNP;0.0
MDC1-AS1_SNP;0.0
MERTK_SNP;0.0
KDM6B_DNP;0.0
TAF1_INS;0.0
TYK2_DEL;0.0
PDGFRB_ONP;0.0
LAMA2_DEL;0.0
FANCD2_INS;0.0
SSX1_INS;0.0
PRKCE_SNP;0.0
TNFRSF9_DEL;0.0
CDKN1C_SNP;0.0
SNX31_DEL;0.0
MGMT_ONP;0.0
RICTOR_INS;0.0
LYN_INS;0.0
TOP2A_INS;0.0
KLF4_ONP;0.0
LMNA_DEL;0.0
YWHAE_INS;0.0
BCL2_ONP;0.0
FOXR2_SNP;0.0
PHF8_DEL;0.0
HIST1H2BJ_INS;0.0
KNSTRN_DEL;0.0
HIST1H1D_SNP;0.0
NUDT15_SNP;0.0
RAC2_ONP;0.0
LDLR_SNP;0.0
CACNA2D3_DEL;0.0
POLR2A_INS;0.0
SMO_ONP;0.0
KAT6A_DNP;0.0
FIP1L1_INS;0.0
PALLD_SNP;0.0
LMO2_DNP;0.0
YAP1_ONP;0.0
CACNA1D_SNP;0.0
PDGFRA_ONP;0.0
FANCD2_SNP;0.0
MAP3K9_DNP;0.0
NOTCH4_INS;0.0
MYB-AS1_SNP;0.0
MYH9_ONP;0.0
FOXO3_DEL;0.0
TDG_SNP;0.0
GBA_INS;0.0
STK19_DNP;0.0
TMPRSS2_INS;0.0
C11orf95_INS;0.0
HLA-A_DNP;0.0
PDGFRA_INS;0.0
EZH2_DNP;0.0
IGHJ6_SNP;0.0
ERBB4_INS;0.0
RSPO2_INS;0.0
BUB1B_INS;0.0
HIST1H1A_INS;0.0
SMUG1_SNP;0.0
BBC3_DEL;0.0
WNK1_INS;0.0
MAGI2_DNP;0.0
NKX2-1-AS1_SNP;0.0
LATS1_DEL;0.0
GAB1_INS;0.0
EPOR_DNP;0.0
ERCC4_DEL;0.0
TNFRSF9_SNP;0.0
FANCG_ONP;0.0
MAP3K7_INS;0.0
RFWD2_SNP;0.0
MST1_INS;0.0
KAT6B_INS;0.0
MRE11A_SNP;0.0
MAPK3_SNP;0.0
PRPF8_ONP;0.0
CHRNA10_SNP;0.0
HEY1_SNP;0.0
TLR4_DNP;0.0
IL10_DEL;0.0
RPL32P1_ONP;0.0
GSK3B_DEL;0.0
AKT1_DNP;0.0
RP11-461L13.2_DEL;0.0
KIAA1549_DEL;0.0
BCL7A_DNP;0.0
CYLD_SNP;0.0
ITK_ONP;0.0
FAT3_DEL;0.0
AKT3_ONP;0.0
MSH3_SNP;0.0
ARID3A_SNP;0.0
PGAP3_DEL;0.0
AKT2_DNP;0.0
BTK_DEL;0.0
TAP2_INS;0.0
IGHD6-13_SNP;0.0
FRS2_SNP;0.0
RICTOR_ONP;0.0
SDHA_DEL;0.0
MUC1_DEL;0.0
MCL1_DNP;0.0
MYC_ONP;0.0
CDK6_INS;0.0
BTLA_SNP;0.0
NKX2-1_SNP;0.0
KLF5_DNP;0.0
EME1_DNP;0.0
DMD_DNP;0.0
CTNNB1_INS;0.0
NDE1_DEL;0.0
FANCG_INS;0.0
MAP3K9_DEL;0.0
CHD4_ONP;0.0
ZMYM3_INS;0.0
ZBTB2_SNP;0.0
TCL1A_INS;0.0
SDHA_INS;0.0
MYC_SNP;0.0
BTK_INS;0.0
EWSR1_ONP;0.0
ERBB3_DNP;0.0
CHEK2_DNP;0.0
RINT1_DEL;0.0
DTX1_DNP;0.0
ERBB3_SNP;0.0
PTPN13_SNP;0.0
NPRL2_SNP;0.0
CTNNB1_DNP;0.0
PRKAG2_DNP;0.0
HELQ_DEL;0.0
CNOT3_INS;0.0
PAK7_DEL;0.0
RHOH_DNP;0.0
WWTR1_INS;0.0
C11orf30_INS;0.0
CCNE1_INS;0.0
TLX3_SNP;0.0
NCOA3_DNP;0.0
HIST1H3G_INS;0.0
APOB_INS;0.0
ING4_SNP;0.0
CDK6_DNP;0.0
U2AF1_INS;0.0
CAMTA1_DNP;0.0
ZMYM3_DNP;0.0
HIST1H3F_SNP;0.0
PRAME_INS;0.0
HIST3H3_SNP;0.0
E2F3_SNP;0.0
NTRK2_DNP;0.0
RNF8_DNP;0.0
C19orf40_INS;0.0
GOPC_SNP;0.0
HLA-DRB5_SNP;0.0
CARD11_DNP;0.0
RPS6KB2_DEL;0.0
GEN1_INS;0.0
ACTA2_SNP;0.0
ABL2_DEL;0.0
PC_DNP;0.0
MYO1A_INS;0.0
KAT6A_ONP;0.0
ZFP36L1_INS;0.0
MIB1_SNP;0.0
SQSTM1_SNP;0.0
CD74_INS;0.0
IGF1R_DEL;0.0
XRCC1_SNP;0.0
ABL2_INS;0.0
HDAC4_DNP;0.0
CDK9_DNP;0.0
BMPR1A_DEL;0.0
ALB_DEL;0.0
SHOC2_DNP;0.0
STAT6_INS;0.0
NLRP1_DEL;0.0
RAD51C_DEL;0.0
DNAH9_INS;0.0
ESR1_DNP;0.0
TMEM50B_SNP;0.0
LIG4_INS;0.0
VEGFA_DNP;0.0
TCEB1_INS;0.0
RIT1_DNP;0.0
SP140_SNP;0.0
TCEB1_DEL;0.0
FRS2_INS;0.0
TADA1_SNP;0.0
STAT6_ONP;0.0
MAP3K13_INS;0.0
PTCH2_SNP;0.0
HDAC4_DEL;0.0
ACVR1B_DNP;0.0
LCK_DEL;0.0
CDKN2B-AS1_DEL;0.0
RNA5SP74_DNP;0.0
RAD54L_DNP;0.0
NUDT15_INS;0.0
NOTCH1_ONP;0.0
PDCD1LG2_DNP;0.0
AXIN1_DEL;0.0
USH2A_INS;0.0
NUTM1_ONP;0.0
BBC3_SNP;0.0
RHEB_INS;0.0
KBTBD4_SNP;0.0
XIAP_SNP;0.0
KDM5C_DNP;0.0
TBL1XR1_DNP;0.0
SOCS1_SNP;0.0
CENPA_DEL;0.0
BTG1_DEL;0.0
BCR_ONP;0.0
TRAJ46_SNP;0.0
PKD1L2_ONP;0.0
TRAJ13_SNP;0.0
EPHA5_DEL;0.0
MAP3K2_DEL;0.0
CCNE1_SNP;0.0
GNB1_DEL;0.0
RASA1_DNP;0.0
STT3A_SNP;0.0
RNF139_SNP;0.0
CDC42_ONP;0.0
RNASEL_DEL;0.0
GATA6_ONP;0.0
RAD21_INS;0.0
MSI2_DEL;0.0
TRGJP2_SNP;0.0
NFE2L2_INS;0.0
TPMT_DNP;0.0
MTA1_DEL;0.0
TAF15_DEL;0.0
LTK_DEL;0.0
FGF3_ONP;0.0
PTPN13_INS;0.0
MYD88_INS;0.0
RHOA_DNP;0.0
RTEL1-TNFRSF6B_SNP;0.0
ANKRD24_DEL;0.0
GRIN2A_DEL;0.0
BRE_INS;0.0
PLCG2_DNP;0.0
MPL_DEL;0.0
TCF3_ONP;0.0
PRDM1_INS;0.0
PMAIP1_DEL;0.0
HSPA5_SNP;0.0
AHNAK2_SNP;0.0
NCOA1_SNP;0.0
H3F3A_DNP;0.0
FANCG_DEL;0.0
DROSHA_ONP;0.0
KLF5_DEL;0.0
CXCR4_ONP;0.0
EGLN1_SNP;0.0
SF3A1_DNP;0.0
ARFRP1_INS;0.0
PIK3R3_DEL;0.0
RARA_ONP;0.0
HLA-DPB2_INS;0.0
RNF43_SNP;0.0
HOXB13_INS;0.0
EXO1_INS;0.0
ID4_DNP;0.0
ITPKB_INS;0.0
SH2B2_DEL;0.0
FAT3_ONP;0.0
BCL2L2_DNP;0.0
AJUBA_DNP;0.0
TRIM24_SNP;0.0
NFKB1_DEL;0.0
ERBB3_INS;0.0
PAX3_DEL;0.0
TRAF2_ONP;0.0
HSP90AA1_SNP;0.0
DNM2_DNP;0.0
RHOA_DEL;0.0
NOD1_SNP;0.0
HTRA1_DNP;0.0
ESR2_DEL;0.0
POLD2_SNP;0.0
SMC3_INS;0.0
PIK3CG_INS;0.0
CTLA4_DNP;0.0
TSHZ2_DNP;0.0
NFE2L2_DEL;0.0
ITGB2_SNP;0.0
SYNE1_INS;0.0
MT-ND5_DNP;0.0
CDK6_DEL;0.0
HFE_DEL;0.0
MT-TS2_SNP;0.0
HSP90AA1_INS;0.0
MAP3K6_SNP;0.0
ARFGAP3_SNP;0.0
GRIN2A_ONP;0.0
XPO1_ONP;0.0
PHOX2B_DEL;0.0
BCL7A_SNP;0.0
FH_INS;0.0
STK19_SNP;0.0
FKBP9_INS;0.0
XIAP_INS;0.0
BABAM1_DNP;0.0
DDX3X_DEL;0.0
KLF6_INS;0.0
NCOA4_DEL;0.0
NEGR1_DNP;0.0
CDC73_ONP;0.0
TFRC_DEL;0.0
HIST1H2AC_INS;0.0
CDK8_INS;0.0
FGF2_SNP;0.0
PCDHAC2_SNP;0.0
EIF1AX_INS;0.0
SETD5_DEL;0.0
MDM4_INS;0.0
MAP3K10_DEL;0.0
PLAG1_DEL;0.0
PRDM1_ONP;0.0
TMED1_DEL;0.0
PRAME_DNP;0.0
PHOX2B_DNP;0.0
STAT4_DEL;0.0
AGTR2_SNP;0.0
VHL_ONP;0.0
LEF1_SNP;0.0
H3F3B_DEL;0.0
HIST1H2AC_DNP;0.0
ESR1_DEL;0.0
MITF_DEL;0.0
NTRK3_INS;0.0
EZH2_DEL;0.0
SOD2_SNP;0.0
CYP2D6_ONP;0.0
XRCC1_ONP;0.0
MYH11_DEL;0.0
DAXX_ONP;0.0
CUL3_DEL;0.0
SOS1_SNP;0.0
TRAJ41_SNP;0.0
MBD1_SNP;0.0
FGF9_SNP;0.0
STAB2_DEL;0.0
NCOA3_SNP;0.0
MIR4457_DNP;0.0
ASH2L_DEL;0.0
SDHA_ONP;0.0
SERPINB3_SNP;0.0
DHX15_DEL;0.0
MSI1_DEL;0.0
SHH_ONP;0.0
LMO1_DNP;0.0
HGF_DEL;0.0
FH_DEL;0.0
TMPRSS2_SNP;0.0
NFE2_DEL;0.0
EIF1AX_SNP;0.0
TSC1_DEL;0.0
NUTM1_DNP;0.0
RRAS2_SNP;0.0
ETS1_ONP;0.0
DDB1_ONP;0.0
RPTOR_DNP;0.0
SETD1B_DEL;0.0
SAMD9L_SNP;0.0
HIST1H3C_SNP;0.0
NCKAP5_INS;0.0
KCNQ1_DEL;0.0
YES1_SNP;0.0
PTK2_DEL;0.0
MBL2_SNP;0.0
BRD4_DEL;0.0
DKC1_SNP;0.0
HIST1H1C_DEL;0.0
GNAS_DEL;0.0
SOS1_ONP;0.0
ERF_DNP;0.0
PTTG1_DEL;0.0
AFF1_INS;0.0
GATA2_INS;0.0
ZNF217_INS;0.0
BIRC6_SNP;0.0
B2M_INS;0.0
SETD8_SNP;0.0
ETV4_DEL;0.0
MGAM_SNP;0.0
NEIL3_SNP;0.0
CSF3R_DEL;0.0
HCG4P8_DEL;0.0
RRAGC_ONP;0.0
PPP1R15A_SNP;0.0
MYH9_DEL;0.0
SBDS_SNP;0.0
WT1_DEL;0.0
FANCA_ONP;0.0
EPCAM_INS;0.0
TAF4B_SNP;0.0
LATS2_DNP;0.0
TAP1_DEL;0.0
RNU6-233P_SNP;0.0
MAF_DNP;0.0
PPM1D_INS;0.0
FNTB_INS;0.0
RNASEL_ONP;0.0
MAPKAP1_INS;0.0
SLC9A3R1_SNP;0.0
SOX11_INS;0.0
KLF4_DNP;0.0
TGFBR2_ONP;0.0
MYH11_DNP;0.0
SETD6_DEL;0.0
WHSC1L1_INS;0.0
DDX41_ONP;0.0
MAGED1_SNP;0.0
ROS1_DEL;0.0
INPP4B_DEL;0.0
U2AF1_DNP;0.0
SGK1_DNP;0.0
GEN1_ONP;0.0
CBFA2T3_ONP;0.0
BARD1_DEL;0.0
RAF1_DNP;0.0
CD36_SNP;0.0
KEAP1_DNP;0.0
IKZF1_INS;0.0
TET2_ONP;0.0
LMO3_SNP;0.0
POLE_DEL;0.0
CTNNA1_ONP;0.0
VHL_INS;0.0
PAK1_DNP;0.0
PDCD1LG2_SNP;0.0
MUS81_INS;0.0
DNAJB1_INS;0.0
DICER1_DEL;0.0
SYNE1_ONP;0.0
DDX41_DNP;0.0
RHBDF2_DEL;0.0
IKZF3_DNP;0.0
RAF1_INS;0.0
SMARCA4_INS;0.0
HIST1H2AL_INS;0.0
GATA4_DNP;0.0
ABL1_INS;0.0
MYCL_DEL;0.0
NBN_DNP;0.0
STAG1_SNP;0.0
EZH1_DNP;0.0
PIK3CD_DNP;0.0
FN1_DEL;0.0
INHBA_SNP;0.0
EDNRB_DEL;0.0
FAM20A_SNP;0.0
G6PD_SNP;0.0
WDR20_SNP;0.0
PRSS1_ONP;0.0
SEC23B_DEL;0.0
ZBTB20_DNP;0.0
USP28_ONP;0.0
FLCN_ONP;0.0
MEF2BNB-MEF2B_DNP;0.0
SERPINB3_DEL;0.0
RSPO2_DNP;0.0
FAS_INS;0.0
PRDM14_SNP;0.0
IGF1R_INS;0.0
BOD1L1_DEL;0.0
MAF_SNP;0.0
CCT6B_SNP;0.0
NRAS_ONP;0.0
NCOA4_SNP;0.0
PSIP1_SNP;0.0
TP63_INS;0.0
BUB1B_SNP;0.0
SDHC_DEL;0.0
KDR_ONP;0.0
ARHGEF28_DEL;0.0
KBTBD4_ONP;0.0
XRCC6_SNP;0.0
WHSC1L1_DNP;0.0
TSHR_DNP;0.0
SMARCA1_DEL;0.0
SRC_INS;0.0
SEPT9_INS;0.0
CUX1_ONP;0.0
LYN_ONP;0.0
JARID2_INS;0.0
RNF8_INS;0.0
NKX3-1_DEL;0.0
NADK_ONP;0.0
CLK3_DEL;0.0
NR2F1_SNP;0.0
KDM5A_ONP;0.0
CTC1_SNP;0.0
KIF5B_ONP;0.0
RAD54L_DEL;0.0
FBXO11_SNP;0.0
NFKBIZ_DNP;0.0
ARHGAP35_DNP;0.0
TRAJ26_SNP;0.0
RELA_INS;0.0
VTCN1_ONP;0.0
CBLC_INS;0.0
NCOA2_INS;0.0
POU5F1_DEL;0.0
ETAA1_DEL;0.0
SIK1_SNP;0.0
TRAJ54_SNP;0.0
MIR3960_DEL;0.0
RYBP_DEL;0.0
BRINP3_SNP;0.0
DCLRE1C_INS;0.0
ZBTB7A_SNP;0.0
NOTCH2_ONP;0.0
SERPINB4_DNP;0.0
CRCT1_SNP;0.0
HSD3B1_ONP;0.0
PLK2_DEL;0.0
VAV1_DEL;0.0
ASNS_DNP;0.0
NDUFB11_SNP;0.0
DNASE1L1_ONP;0.0
MSH2_ONP;0.0
USP6_ONP;0.0
ATXN7_DNP;0.0
REST_INS;0.0
KDM2B_SNP;0.0
ANKRD11_DNP;0.0
TPM3_DEL;0.0
KRAS_ONP;0.0
TOP1_DEL;0.0
HSPA5_INS;0.0
DUSP4_ONP;0.0
ETNK1_SNP;0.0
ANKRD24_SNP;0.0
CAMK1_DEL;0.0
CBLC_DEL;0.0
THADA_DNP;0.0
HDAC4_SNP;0.0
ALB_DNP;0.0
ARID5B_DEL;0.0
BRAF_DEL;0.0
BIRC5_INS;0.0
MT-ND6_SNP;0.0
BCL3_INS;0.0
KLHL6_DEL;0.0
DTX1_DEL;0.0
GREM1_DEL;0.0
CCND1_ONP;0.0
UPF1_DNP;0.0
RUNX1_DEL;0.0
BAP1_SNP;0.0
AHNAK2_INS;0.0
TSC1_ONP;0.0
NADK_INS;0.0
SMARCAL1_DNP;0.0
SLX1B_SNP;0.0
PRSS8_INS;0.0
ETV3_SNP;0.0
FGFR1_ONP;0.0
PHF6_DNP;0.0
PRPF40B_INS;0.0
LDLRAP1_SNP;0.0
HLA-DQA1_DNP;0.0
TRAJ8_SNP;0.0
PTPN14_DNP;0.0
MUC1_SNP;0.0
WT1_DNP;0.0
SNORD95_SNP;0.0
FRMD3_DEL;0.0
ARAF_ONP;0.0
RAB35_DEL;0.0
PGBD3_DEL;0.0
CDKN2C_SNP;0.0
ERBB4_DEL;0.0
KCNK12_SNP;0.0
CSMD3_INS;0.0
FAN1_DNP;0.0
RAD51D_INS;0.0
RET_DEL;0.0
HDAC4_ONP;0.0
BAP1_INS;0.0
HGF_INS;0.0
MLLT4_DEL;0.0
RAC1_INS;0.0
CDK4_DEL;0.0
UGT1A1_SNP;0.0
SSX4_SNP;0.0
PIGA_SNP;0.0
ROBO1_INS;0.0
HSPA5_DEL;0.0
SERPINB3_DNP;0.0
SMAD3_SNP;0.0
IFNGR2_SNP;0.0
ABCB1_SNP;0.0
RANBP2_DNP;0.0
PTPRT_ONP;0.0
KLF4_INS;0.0
SMARCE1_DEL;0.0
SAMD9L_ONP;0.0
CXCR4_SNP;0.0
CTNNA1_DNP;0.0
GPS2_DEL;0.0
ZBTB20_DEL;0.0
SPEN_ONP;0.0
TCL1A_SNP;0.0
EPHB4_DEL;0.0
TRAJ57_SNP;0.0
FANCM_DEL;0.0
HDAC7_INS;0.0
SAMHD1_SNP;0.0
DNMT1_INS;0.0
RAD54B_DNP;0.0
TINF2_SNP;0.0
SPRY4_SNP;0.0
CREBBP_ONP;0.0
DNMT3B_DEL;0.0
NR4A3_DNP;0.0
TOPBP1_SNP;0.0
TYMS_INS;0.0
SNCAIP_DEL;0.0
SESN3_ONP;0.0
SETD4_SNP;0.0
DYNC2H1_INS;0.0
GNAS_INS;0.0
ANKRD26_DEL;0.0
NPRL2_INS;0.0
HIST1H1C_INS;0.0
SMARCD1_DEL;0.0
LAMP1_INS;0.0
ZRSR2_SNP;0.0
PNKP_DNP;0.0
XRCC6_DEL;0.0
UMODL1_DEL;0.0
NPNT_DEL;0.0
PIK3C2B_DEL;0.0
TARBP2_SNP;0.0
EWSR1_DEL;0.0
HIST1H3I_INS;0.0
TET1_ONP;0.0
MTR_ONP;0.0
ARID4A_DEL;0.0
DIS3_ONP;0.0
TOP1_ONP;0.0
TIMP3_SNP;0.0
TG_INS;0.0
CD22_DNP;0.0
CBLB_ONP;0.0
TIGIT_INS;0.0
ZFP36L1_SNP;0.0
IGHJ3_SNP;0.0
CDKN2C_DEL;0.0
RRAGC_DNP;0.0
HSD3B1_SNP;0.0
RUNX1T1_ONP;0.0
CSMD3_SNP;0.0
SOX17_ONP;0.0
DCC_SNP;0.0
LRP1B_ONP;0.0
NPNT_SNP;0.0
SETDB1_SNP;0.0
FGFR4_INS;0.0
BCAS3_SNP;0.0
NRG1_INS;0.0
C9orf129_DNP;0.0
ATM_DEL;0.0
TLR2_INS;0.0
AGO2_SNP;0.0
TMPRSS2_ONP;0.0
EED_SNP;0.0
DDIT3_INS;0.0
PAXIP1-AS2_SNP;0.0
HEY1_DEL;0.0
THADA_DEL;0.0
APOB_DNP;0.0
SLFN11_INS;0.0
RRM1_SNP;0.0
CEBPA_ONP;0.0
ZSWIM4_SNP;0.0
MIR4457_DEL;0.0
SS18L1_SNP;0.0
NUTM1_DEL;0.0
ACVR1B_SNP;0.0
TRAJ22_SNP;0.0
NOTCH4_SNP;0.0
KMT2C_INS;0.0
PTPRK_DNP;0.0
EPHB6_DEL;0.0
CDKN2A_DNP;0.0
TPM3_SNP;0.0
PGBD3_DNP;0.0
LAMB4_SNP;0.0
AC004041.2_SNP;0.0
ENG_SNP;0.0
IRF1_INS;0.0
RBL2_DNP;0.0
POLG_SNP;0.0
CHD1_DNP;0.0
HLA-C_DEL;0.0
FGF10_INS;0.0
PARP3_INS;0.0
EPAS1_DEL;0.0
CHD4_INS;0.0
CFTR_INS;0.0
IRF4_ONP;0.0
GRIN2A_INS;0.0
GAB2_INS;0.0
RIF1_DNP;0.0
KEL_ONP;0.0
JAZF1_ONP;0.0
USP7_ONP;0.0
PALB2_INS;0.0
RIT1_ONP;0.0
ERCC1_SNP;0.0
CDH23_DNP;0.0
XRCC1_DEL;0.0
ARID1B_DNP;0.0
IGF2R_SNP;0.0
BTG2_DNP;0.0
PKHD1_DEL;0.0
SETD2_ONP;0.0
FANCM_SNP;0.0
TERC_DEL;0.0
PNRC1_DNP;0.0
TYMS_DEL;0.0
TMEM30A_SNP;0.0
TEK_DNP;0.0
KMT2A_ONP;0.0
COL1A1_DEL;0.0
MAGI2_INS;0.0
NKX2-1_DNP;0.0
SMC1A_INS;0.0
SHQ1_INS;0.0
PTPRS_ONP;0.0
DUSP4_DEL;0.0
ZRSR2_INS;0.0
ARHGAP35_ONP;0.0
CEBPA_DEL;0.0
FGF8_SNP;0.0
CHIC2_SNP;0.0
SHOC2_INS;0.0
CMPK1_SNP;0.0
TOE1_SNP;0.0
IKZF1_ONP;0.0
PARP1_INS;0.0
KRAS_DEL;0.0
FOXO1_SNP;0.0
ID3_DEL;0.0
SYK_SNP;0.0
BCL2L11_INS;0.0
RFC2_SNP;0.0
C17orf70_INS;0.0
PRKCI_ONP;0.0
ACTG1_DEL;0.0
FGA_SNP;0.0
CDH5_SNP;0.0
FIP1L1_SNP;0.0
FOXA1_INS;0.0
CTNNA1_DEL;0.0
ABCB4_INS;0.0
YWHAE_DEL;0.0
AKAP9_DEL;0.0
SBNO1_DEL;0.0
ALOX12B_DNP;0.0
KRIT1_INS;0.0
NEIL2_INS;0.0
XRCC5_DEL;0.0
BMPR1A_SNP;0.0
KMT2C_DNP;0.0
SIK2_INS;0.0
RPN1_DEL;0.0
KBTBD4_INS;0.0
WWTR1_DNP;0.0
SAMD9_DEL;0.0
SOCS1_DEL;0.0
PICALM_INS;0.0
PTPRS_INS;0.0
PLCG1_INS;0.0
INHA_SNP;0.0
BOD1L1_INS;0.0
SDHB_DEL;0.0
ETV5_SNP;0.0
STAT4_DNP;0.0
ETNK1_DEL;0.0
USP8_SNP;0.0
ZFHX4_INS;0.0
SMARCD1_INS;0.0
NF1_ONP;0.0
SPRY2_DEL;0.0
TRAF7_INS;0.0
FAM46C_DEL;0.0
IRF4_INS;0.0
PAK7_ONP;0.0
GATA1_DEL;0.0
PAXIP1_DEL;0.0
NFKB2_DEL;0.0
ZRSR2_DEL;0.0
TLR2_SNP;0.0
RPL32P1_SNP;0.0
EP400_DNP;0.0
RIPK3_SNP;0.0
ABI1_SNP;0.0
SLIT2_DNP;0.0
AKT1_INS;0.0
P2RY8_SNP;0.0
CDCA5_SNP;0.0
CXCR4_DNP;0.0
EPHB4_SNP;0.0
CMPK1_DEL;0.0
KRIT1_SNP;0.0
PDE4DIP_INS;0.0
HIST1H2AC_DEL;0.0
NIN_INS;0.0
RBM15_INS;0.0
APLNR_DNP;0.0
NFKBIA_INS;0.0
POLD1_INS;0.0
PASK_SNP;0.0
SYK_ONP;0.0
LIG4_ONP;0.0
SAMHD1_INS;0.0
RASA1_INS;0.0
MAP3K13_SNP;0.0
JAK2_DEL;0.0
TMPRSS2_DEL;0.0
DGKH_DNP;0.0
PAK1_DEL;0.0
COL22A1_SNP;0.0
INHA_INS;0.0
SIK2_SNP;0.0
SESN3_DNP;0.0
RBM15_DEL;0.0
CLTC_DEL;0.0
RAD21_DNP;0.0
HIST1H3G_ONP;0.0
WNK2_DNP;0.0
RP11-435O5.4_INS;0.0
RAD52_DNP;0.0
CDC42_DEL;0.0
BIRC3_DEL;0.0
HIST1H3G_DNP;0.0
RTEL1_DEL;0.0
TRBC2_INS;0.0
ENG_DNP;0.0
TSC2_ONP;0.0
JARID2_SNP;0.0
SETD1B_INS;0.0
EPHB1_DNP;0.0
ESR1_INS;0.0
FUBP1_ONP;0.0
FGF23_INS;0.0
CBLB_INS;0.0
SIAH1_SNP;0.0
FBXW7_DNP;0.0
MAP2K4_ONP;0.0
CDKN2A_INS;0.0
RECQL_INS;0.0
AMER1_INS;0.0
NUP214_INS;0.0
MAML2_INS;0.0
HIST2H3D_DEL;0.0
EPHA2_SNP;0.0
NCOA2_SNP;0.0
FOXO1_DNP;0.0
HLA-C_DNP;0.0
GLMN_INS;0.0
TRAF5_DEL;0.0
TIGIT_SNP;0.0
MECOM_INS;0.0
PAX8-AS1_SNP;0.0
RAD51C_INS;0.0
BIRC3_DNP;0.0
FAM20C_SNP;0.0
PRSS1_INS;0.0
POU2F2_INS;0.0
BTG1_SNP;0.0
NUMA1_SNP;0.0
LCK_ONP;0.0
C1orf147_ONP;0.0
SMARCA4_ONP;0.0
GEN1_DNP;0.0
GNA11_DNP;0.0
ANKRD26_SNP;0.0
OLIG2_DEL;0.0
SH2D1A_DEL;0.0
PGAP3_INS;0.0
IKBKB_SNP;0.0
U2AF1_DEL;0.0
TP63_ONP;0.0
SETD5_SNP;0.0
BCL2A1_SNP;0.0
TEX12_DEL;0.0
STAG3_DEL;0.0
STK11_ONP;0.0
CUL4A_INS;0.0
CSNK1A1_INS;0.0
FOXO1_ONP;0.0
MYOD1_DEL;0.0
XRCC3_DNP;0.0
HIST1H3H_SNP;0.0
UIMC1_SNP;0.0
TAF1L_DEL;0.0
HIST1H2AL_DEL;0.0
SETD1B_DNP;0.0
MN1_DEL;0.0
GPR124_SNP;0.0
EED_INS;0.0
CTRC_SNP;0.0
INHBA_DEL;0.0
LIG4_DEL;0.0
TOP2A_SNP;0.0
COL7A1_DEL;0.0
RHOA_SNP;0.0
MKL1_DEL;0.0
PTPRD_ONP;0.0
FGF1_DEL;0.0
PAK7_INS;0.0
EPHB2_DNP;0.0
VEGFA_DEL;0.0
HIST1H3C_DEL;0.0
TRAJ32_DEL;0.0
CBFA2T3_DNP;0.0
GUCY1A2_SNP;0.0
WDR90_SNP;0.0
IRS2_DNP;0.0
MDM2_DNP;0.0
STT3A_DEL;0.0
AXIN2_DNP;0.0
WDR20_DNP;0.0
CDH2_DNP;0.0
RNF213_INS;0.0
PTPN2_SNP;0.0
IRS1_ONP;0.0
EPHB1_DEL;0.0
COL2A1_SNP;0.0
ZNRF3_DNP;0.0
GFI1_SNP;0.0
CLRN2_SNP;0.0
RAD52_INS;0.0
NR0B1_SNP;0.0
TGFBR2_DEL;0.0
HRAS_DEL;0.0
HSP90AB1_DEL;0.0
PIK3CG_DNP;0.0
MRE11A_INS;0.0
ABL2_SNP;0.0
FANCM_DNP;0.0
MLF1_SNP;0.0
IL21R_DEL;0.0
AURKA_DEL;0.0
PRKACA_SNP;0.0
MCM2_SNP;0.0
DDB2_DNP;0.0
HRAS_INS;0.0
FGF19_DNP;0.0
DDR2_SNP;0.0
HLA-B_INS;0.0
CBFB_DEL;0.0
CD58_SNP;0.0
WDR90_INS;0.0
GID4_SNP;0.0
RAD50_DEL;0.0
SDCCAG8_INS;0.0
YES1_INS;0.0
MCM2_DEL;0.0
ARHGAP35_SNP;0.0
FGFR1_DEL;0.0
TERC_DNP;0.0
WWTR1_ONP;0.0
TRAJ49_SNP;0.0
ESR2_SNP;0.0
FGF23_DEL;0.0
PALB2_DEL;0.0
IRS2_DEL;0.0
FOXA1_ONP;0.0
JMJD1C_ONP;0.0
AR_DNP;0.0
LARGE_INS;0.0
CD74_DNP;0.0
CD274_DEL;0.0
BCL10_DNP;0.0
RHEB_DEL;0.0
GABRA6_INS;0.0
JARID2_DEL;0.0
MCM8_ONP;0.0
CDT1_DEL;0.0
SEPT9_SNP;0.0
MAGOH_SNP;0.0
CBX3P3_SNP;0.0
FBXW7_INS;0.0
MAML3_DEL;0.0
SIN3A_DNP;0.0
USP28_INS;0.0
TGFB1_SNP;0.0
HIST1H1E_INS;0.0
TRIM24_DEL;0.0
NPM1_DNP;0.0
GNA14_DNP;0.0
MTR_DEL;0.0
SESN1_DEL;0.0
HLA-DQA2_SNP;0.0
XRCC1_DNP;0.0
PTP4A1_DNP;0.0
CD3EAP_SNP;0.0
CDKN2B_DEL;0.0
TBX3_ONP;0.0
PMAIP1_SNP;0.0
FLT4_DNP;0.0
CDKN2B_ONP;0.0
CTLA4_DEL;0.0
RP11-244F12.3_INS;0.0
MYB_DEL;0.0
MT-ND5_ONP;0.0
RB1_ONP;0.0
AIFM3_SNP;0.0
CSF1R_INS;0.0
CD74_DEL;0.0
PRKACA_ONP;0.0
RB1_INS;0.0
NFKBIZ_INS;0.0
BUB1B_DEL;0.0
MAGEA8_SNP;0.0
RINT1_DNP;0.0
XIAP_DEL;0.0
HIST1H1E_DNP;0.0
NR4A3_DEL;0.0
ASXL1_SNP;0.0
CTCF_SNP;0.0
GNA13_INS;0.0
SMG1_DNP;0.0
PMS2_DNP;0.0
TNFRSF14_DNP;0.0
BTG1_INS;0.0
USP9X_INS;0.0
RP11-380G5.3_SNP;0.0
MST1_DNP;0.0
MARK4_DEL;0.0
RAD51D_ONP;0.0
NEIL1_DEL;0.0
Unknown_DNP;0.0
PMS2_ONP;0.0
ABL2_DNP;0.0
MYO18A_DEL;0.0
GLI2_DNP;0.0
TRIM33_INS;0.0
BTK_ONP;0.0
STAT3_DEL;0.0
MN1_DNP;0.0
MAFB_ONP;0.0
PHF6_DEL;0.0
NF2_INS;0.0
HIST1H3J_INS;0.0
MDM4_DEL;0.0
HNRNPK_ONP;0.0
DDR1_SNP;0.0
CRKL_DEL;0.0
PLK2_SNP;0.0
ETAA1_SNP;0.0
HIST1H1E_DEL;0.0
TAP2_DNP;0.0
FAF1_SNP;0.0
RRAS2_INS;0.0
STAG2_DNP;0.0
USP28_DEL;0.0
GPR124_DNP;0.0
NR0B1_ONP;0.0
SERPINA1_DNP;0.0
ZBTB2_DEL;0.0
NCOR2_INS;0.0
MAG_SNP;0.0
OGT_SNP;0.0
EP400_INS;0.0
MLH1_SNP;0.0
ACTG1_INS;0.0
SOX2_DNP;0.0
TRAJ47_SNP;0.0
ATP7B_SNP;0.0
RP11-211G3.2_ONP;0.0
LAMB3_DEL;0.0
EP400_DEL;0.0
DNMT1_SNP;0.0
CD79A_DEL;0.0
PTP4A1_INS;0.0
ZNF471_SNP;0.0
CUL3_DNP;0.0
EZR_SNP;0.0
HELQ_DNP;0.0
PHF6_ONP;0.0
GRM3_DEL;0.0
HLA-DQB2_SNP;0.0
PDE4DIP_ONP;0.0
ERBB3_DEL;0.0
POLH_DEL;0.0
KIAA1549_INS;0.0
WEE1_DEL;0.0
HLA-DPA1_SNP;0.0
FGF3_DNP;0.0
BRD4_INS;0.0
EGLN1_DNP;0.0
MAP3K13_DNP;0.0
PALLD_DEL;0.0
RPS6KA4_INS;0.0
ZBTB7A_DEL;0.0
FGF1_SNP;0.0
CDKN2B-AS1_SNP;0.0
FH_ONP;0.0
CDKN1C_INS;0.0
ERCC4_DNP;0.0
PRKAR1A_DNP;0.0
MAP2K1_DEL;0.0
FOXO4_DEL;0.0
CARD11_ONP;0.0
CHD1_INS;0.0
ZFPM1_INS;0.0
PIGA_INS;0.0
C1orf86_DEL;0.0
PRKCI_DNP;0.0
PDGFRB_DEL;0.0
EBF1_DNP;0.0
RALGDS_SNP;0.0
EPHB6_SNP;0.0
CD74_SNP;0.0
DNAH9_SNP;0.0
CREB3L2_SNP;0.0
CCNE1_ONP;0.0
PGBD5_DNP;0.0
PRKCI_DEL;0.0
SF1_SNP;0.0
BRCA2_DEL;0.0
AKAP9_SNP;0.0
ASH2L_SNP;0.0
FOXA1_DNP;0.0
FAT1_INS;0.0
FGFR1_DNP;0.0
DYNC1I1_DNP;0.0
FOS_INS;0.0
LPHN3_INS;0.0
KDM3A_INS;0.0
SMARCC2_DEL;0.0
EGFR_DNP;0.0
CD22_SNP;0.0
MT-TS2_DEL;0.0
NEIL3_DEL;0.0
CHEK1_DNP;0.0
MUC16_DEL;0.0
HERC2_DEL;0.0
LINC00894_SNP;0.0
XRCC4_DNP;0.0
PAX3_DNP;0.0
USP9X_SNP;0.0
CERKL_SNP;0.0
LTK_SNP;0.0
NEK1_DEL;0.0
CYP19A1_INS;0.0
PTPN1_INS;0.0
LTB_INS;0.0
RP11-149I2.5_SNP;0.0
RPS6KB1_SNP;0.0
KEAP1_ONP;0.0
GUCY1A2_INS;0.0
SH2B3_DEL;0.0
CHD7_DEL;0.0
HSD3B1_DNP;0.0
GLI2_INS;0.0
PTPN14_ONP;0.0
ETV6_DNP;0.0
MITF_ONP;0.0
SPRY2_ONP;0.0
MAF_ONP;0.0
XRCC3_SNP;0.0
WHSC1_DNP;0.0
VHL_DEL;0.0
PTK2_SNP;0.0
DIS3_INS;0.0
HLA-C_INS;0.0
FCGR3A_SNP;0.0
CD36_INS;0.0
KIF5B_DEL;0.0
WRN_ONP;0.0
GNA11_ONP;0.0
ZMYM3_SNP;0.0
GRM8_DEL;0.0
ID4_DEL;0.0
TAPSAR1_SNP;0.0
TBL1XR1_ONP;0.0
RRM1_INS;0.0
IKZF3_INS;0.0
ARID4A_SNP;0.0
MLLT1_DEL;0.0
SCG5_INS;0.0
ATF1_DNP;0.0
HOXB13_DEL;0.0
KLF2_INS;0.0
AURKA_INS;0.0
FOXP1_DEL;0.0
TCF7L1_DEL;0.0
SYNE1_DNP;0.0
TRIM28_SNP;0.0
DNAH2_DEL;0.0
NCKAP5_ONP;0.0
SSX1_SNP;0.0
HELQ_ONP;0.0
LTB_DNP;0.0
GPR124_INS;0.0
EIF4E_DNP;0.0
ATXN2_SNP;0.0
TFEB_SNP;0.0
KLLN_INS;0.0
GDNF_SNP;0.0
TAF1L_SNP;0.0
PRKCH_DEL;0.0
ARID1A_ONP;0.0
TERC_INS;0.0
RPS6KA2_DEL;0.0
DEPDC5_DNP;0.0
MYH9_SNP;0.0
PIK3C3_DNP;0.0
ARHGAP35_INS;0.0
FANCF_INS;0.0
EGR1_INS;0.0
HIST1H3D_DNP;0.0
KIT_DNP;0.0
MAP2K4_SNP;0.0
PSMD13_SNP;0.0
RNF213_DNP;0.0
PAK3_ONP;0.0
CYP2D6_DEL;0.0
NCOA3_ONP;0.0
ABCB1_DNP;0.0
BRAF_INS;0.0
ACVR1_INS;0.0
TIPARP_SNP;0.0
RICTOR_DNP;0.0
RAD51C_SNP;0.0
POLB_INS;0.0
ABCC3_DEL;0.0
LRRK2_DEL;0.0
INHA_DNP;0.0
RPS6KA4_DNP;0.0
BCLAF1_DEL;0.0
POT1_ONP;0.0
POT1_INS;0.0
AURKC_SNP;0.0
AKT3_DEL;0.0
PAXIP1_INS;0.0
CHD2_DEL;0.0
SIN3A_INS;0.0
FGF6_INS;0.0
PRKACG_SNP;0.0
HDAC2_INS;0.0
HLA-F_DNP;0.0
ETV5_INS;0.0
SOX9_SNP;0.0
MT-TL2_SNP;0.0
SF1_INS;0.0
COL1A1_INS;0.0
CTD-2267D19.2_SNP;0.0
TP53BP1_DNP;0.0
TSC1_DNP;0.0
STK40_DNP;0.0
MAP3K4_DNP;0.0
FGF10_DNP;0.0
DNAH5_SNP;0.0
MAP3K5_ONP;0.0
CHD5_DNP;0.0
ATM_DNP;0.0
TMEM127_SNP;0.0
PIK3R2_SNP;0.0
PRAME_SNP;0.0
AFF1_DEL;0.0
SMC3_DNP;0.0
ROBO1_ONP;0.0
ASPSCR1_DEL;0.0
NKX2-1_ONP;0.0
RAF1_DEL;0.0
MAPK3_INS;0.0
PPARG_ONP;0.0
RPS6KB1_ONP;0.0
CEP57_SNP;0.0
SH2B3_DNP;0.0
TRAJ18_SNP;0.0
SMARCA4_DNP;0.0
PTGS2_DEL;0.0
TEX12_SNP;0.0
H19_INS;0.0
ARID5B_DNP;0.0
DDB2_SNP;0.0
BCL11B_SNP;0.0
MDM4_SNP;0.0
DDR2_DNP;0.0
OGG1_ONP;0.0
NEGR1_DEL;0.0
MYCN_INS;0.0
MGA_DEL;0.0
TRAJ39_SNP;0.0
TNFRSF9_INS;0.0
ECT2L_SNP;0.0
SETD8_INS;0.0
STAT5A_SNP;0.0
PTPRO_DEL;0.0
FRK_SNP;0.0
USP7_SNP;0.0
PNRC1_ONP;0.0
PRCC_SNP;0.0
RYR2_SNP;0.0
USP7_DNP;0.0
PRKDC_ONP;0.0
INPP4B_INS;0.0
RAD51B_SNP;0.0
HOOK3_SNP;0.0
GFI1_DNP;0.0
KLLN_DEL;0.0
BCL2L1_DEL;0.0
KLLN_ONP;0.0
PRKCQ_INS;0.0
PPBP_SNP;0.0
PPARG_INS;0.0
MYBL1_INS;0.0
IFNGR1_INS;0.0
WHSC1L1_ONP;0.0
SUFU_INS;0.0
TRAJ50_SNP;0.0
HSD3B1_DEL;0.0
FGFR2_INS;0.0
BCL6_DNP;0.0
PDCD1LG2_ONP;0.0
RBM10_DEL;0.0
NEIL3_ONP;0.0
SDHD_INS;0.0
NKX2-1-AS1_DEL;0.0
MKI67_SNP;0.0
NDE1_SNP;0.0
LIFR_DEL;0.0
NRIP1_DNP;0.0
SLIT2_DEL;0.0
AGO2_DNP;0.0
ERBB4_ONP;0.0
MAP3K4_INS;0.0
WAS_INS;0.0
KTN1_SNP;0.0
ARHGEF12_DNP;0.0
MAP3K10_SNP;0.0
KDM3A_SNP;0.0
RPL22_DEL;0.0
MDC1_DEL;0.0
ICOSLG_ONP;0.0
LIG4_DNP;0.0
IFNL3_SNP;0.0
TAP2_DEL;0.0
HELQ_INS;0.0
C19orf40_DEL;0.0
MST1R_DNP;0.0
HSD3B2_SNP;0.0
ATP6AP1_INS;0.0
USP6_DNP;0.0
SPACA1_SNP;0.0
MLLT4_SNP;0.0
EIF4A2_DNP;0.0
TYK2_DNP;0.0
MBD4_INS;0.0
KB-67B5.12_SNP;0.0
HLA-DRB6_ONP;0.0
SPRED1_SNP;0.0
CFTR_SNP;0.0
TOP2A_DEL;0.0
ERCC2_DEL;0.0
CDK12_DNP;0.0
REL_DEL;0.0
MYOD1_DNP;0.0
SOS2_DEL;0.0
ATXN7_DEL;0.0
KB-67B5.12_INS;0.0
TCF7L2_DNP;0.0
FGFR3_ONP;0.0
LEF1_DNP;0.0
ABCB4_DEL;0.0
KLF6_DEL;0.0
KDM2B_DEL;0.0
STAG3_SNP;0.0
SRC_ONP;0.0
SETBP1_DEL;0.0
RAD51B_INS;0.0
BCORL1_ONP;0.0
HDAC1_INS;0.0
CDH20_SNP;0.0
PTPRC_SNP;0.0
MTAP_SNP;0.0
NAV3_INS;0.0
CIITA_DEL;0.0
SPI1_SNP;0.0
SMAD4_ONP;0.0
PHF8_SNP;0.0
HIF1A-AS2_SNP;0.0
FSBP_DEL;0.0
FNTB_DEL;0.0
APEH_DNP;0.0
UROD_ONP;0.0
MDM2_INS;0.0
PAX8_SNP;0.0
HDAC1_DEL;0.0
HMGA2_DEL;0.0
UGT1A6_SNP;0.0
MAX_INS;0.0
CALR_ONP;0.0
PRKD1_ONP;0.0
RPL5_DEL;0.0
HNRNPK_INS;0.0
NTRK3-AS1_SNP;0.0
CLK3_SNP;0.0
ZBTB7A_INS;0.0
DICER1_DNP;0.0
CHD2_DNP;0.0
CTNNA3_SNP;0.0
PAX3_INS;0.0
AXL_INS;0.0
MAP3K8_INS;0.0
FGF14_DNP;0.0
CCDC6_SNP;0.0
TCF12_SNP;0.0
NCOA2_ONP;0.0
CBL_INS;0.0
PIK3R1_DNP;0.0
MAP3K2_ONP;0.0
KCNQ1_INS;0.0
FNTB_ONP;0.0
HIST1H2BK_DEL;0.0
PIK3R2_ONP;0.0
DDR2_INS;0.0
WT1_INS;0.0
NTRK1_DNP;0.0
COL12A1_SNP;0.0
TBX22_DEL;0.0
TSHZ3_DEL;0.0
TPM1_INS;0.0
VEGFB_SNP;0.0
DMD_DEL;0.0
PTPRO_INS;0.0
PRKD1_INS;0.0
NOTCH3_ONP;0.0
MEN1_ONP;0.0
NR0B1_INS;0.0
EML4_DNP;0.0
CREB3L2_DEL;0.0
MGEA5_DNP;0.0
POU3F2_DNP;0.0
AURKA_SNP;0.0
ARID5B_INS;0.0
ALS2CR12_SNP;0.0
EP300_INS;0.0
MARK1_DEL;0.0
GABRA6_ONP;0.0
ACVRL1_SNP;0.0
IL15_SNP;0.0
RASGEF1B_SNP;0.0
CD79A_DNP;0.0
HSP90AA1_DNP;0.0
SHOC2_DEL;0.0
PAXIP1_DNP;0.0
ETS1_INS;0.0
ERRFI1_DEL;0.0
NTRK3_DNP;0.0
IL10RA_SNP;0.0
INPP4A_INS;0.0
SEMA3C_SNP;0.0
FOXO3_INS;0.0
WRAP53_DEL;0.0
ASPSCR1_INS;0.0
IL10_DNP;0.0
FAM175A_DNP;0.0
BCL10_DEL;0.0
RASGEF1A_SNP;0.0
RAC2_DNP;0.0
UMODL1_INS;0.0
KEL_DEL;0.0
ASXL2_DEL;0.0
SAMD9L_DNP;0.0
INPPL1_DNP;0.0
ACVR1B_DEL;0.0
BCLAF1_INS;0.0
FANCI_SNP;0.0
GNA14_SNP;0.0
KAT6B_ONP;0.0
MYOD1_INS;0.0
SHOC2_SNP;0.0
NLRP1_SNP;0.0
CSDE1_DEL;0.0
RYBP_INS;0.0
SOX10_DNP;0.0
GATA6_DNP;0.0
EGFR-AS1_DEL;0.0
ETV1_ONP;0.0
SLIT2_ONP;0.0
SPEN_INS;0.0
FHIT_DEL;0.0
STAT4_SNP;0.0
SMARCD1_DNP;0.0
ACVR1_DEL;0.0
CDH20_DEL;0.0
IDH1_DNP;0.0
MLH3_ONP;0.0
PIGA_DEL;0.0
MBD1_DEL;0.0
EXO1_DEL;0.0
HIST3H3_DEL;0.0
MTHFD2_SNP;0.0
MAD2L2_SNP;0.0
GNAI3_SNP;0.0
BRIP1_ONP;0.0
MERTK_INS;0.0
TRIM37_DNP;0.0
TTYH1_INS;0.0
LINC00894_DEL;0.0
HLA-DRB1_SNP;0.0
HLA-DPA1_ONP;0.0
WAS_DEL;0.0
EML4_SNP;0.0
TNKS2_SNP;0.0
PAK1_SNP;0.0
YY1AP1_SNP;0.0
SLC25A13_INS;0.0
CPS1_DNP;0.0
SF3A1_INS;0.0
NEIL3_DNP;0.0
HOXB13_SNP;0.0
ATRX_DNP;0.0
PCLO_SNP;0.0
CRTC2_DEL;0.0
CNOT3_DNP;0.0
EXT1_DNP;0.0
FIP1L1_DEL;0.0
TRAJ33_SNP;0.0
NR3C1_SNP;0.0
FANCM_INS;0.0
TERC_SNP;0.0
IL2RB_INS;0.0
CSF1R_ONP;0.0
TMEM216_DEL;0.0
ING1_SNP;0.0
MUTYH_ONP;0.0
KDM5C_DEL;0.0
MAP3K13_DEL;0.0
GNB1_SNP;0.0
RAD51_SNP;0.0
IL2_SNP;0.0
DDB1_INS;0.0
IL10_SNP;0.0
FGFR4_ONP;0.0
KEL_SNP;0.0
IKZF2_DEL;0.0
CAMK1_DNP;0.0
POLB_DNP;0.0
ATR_DEL;0.0
IL3_INS;0.0
SUFU_ONP;0.0
FOXO3_ONP;0.0
ERCC2_DNP;0.0
RET_ONP;0.0
PAK3_SNP;0.0
MLH1_ONP;0.0
CYP1B1_SNP;0.0
FOS_DNP;0.0
EPHA2_ONP;0.0
DUSP4_DNP;0.0
PAX5_INS;0.0
RRM1_DEL;0.0
RAD50_INS;0.0
MSI2_DNP;0.0
DHX15_INS;0.0
IL6ST_INS;0.0
AP003419.16_SNP;0.0
ATP6AP1_DEL;0.0
PARP3_SNP;0.0
BCL2L11_DNP;0.0
AMER1_DEL;0.0
HOXD11_SNP;0.0
ID4_INS;0.0
TRAF2_DNP;0.0
NCOR1_INS;0.0
RHOH_SNP;0.0
FANCI_INS;0.0
PGR_ONP;0.0
RASA2_SNP;0.0
ETV6_ONP;0.0
DUSP2_SNP;0.0
RPTOR_ONP;0.0
SSX2_DEL;0.0
COL7A1_DNP;0.0
IKZF2_DNP;0.0
NAV3_SNP;0.0
RNA5SP74_SNP;0.0
GLI3_INS;0.0
GREM1_SNP;0.0
IGHJ5_INS;0.0
CADM2_SNP;0.0
OR5L1_SNP;0.0
PDPK1_DEL;0.0
FAH_DEL;0.0
SLIT2_SNP;0.0
RAD51B_DEL;0.0
PTK2B_INS;0.0
SFPQ_DEL;0.0
GSTM5_SNP;0.0
ERCC4_INS;0.0
TNFAIP3_DNP;0.0
SNCAIP_SNP;0.0
MARK1_SNP;0.0
NOTCH1_INS;0.0
TAP1_INS;0.0
H3F3A_INS;0.0
KEL_DNP;0.0
NT5E_SNP;0.0
SH2D2A_SNP;0.0
MTRR_DEL;0.0
PPP4R2_DEL;0.0
FGFR4_DEL;0.0
CD79A_INS;0.0
SMYD3_DEL;0.0
PTPN11_ONP;0.0
NOTCH1_DNP;0.0
TFE3_DNP;0.0
FGF4_ONP;0.0
GALNT12_INS;0.0
PIM1_DNP;0.0
NR2F1_DEL;0.0
MAP2K4_INS;0.0
CDK6_ONP;0.0
PAX7_ONP;0.0
FANCE_DNP;0.0
SYNE2_DNP;0.0
TYRO3_DEL;0.0
GRM3_ONP;0.0
MTAP_DEL;0.0
PDCD1_ONP;0.0
LCK_SNP;0.0
AJUBA_SNP;0.0
GAB1_DEL;0.0
SLC25A13_ONP;0.0
HIST1H2AM_SNP;0.0
NOTCH3_DNP;0.0
AHNAK_DEL;0.0
SMARCAL1_ONP;0.0
COL22A1_DEL;0.0
TET1_DEL;0.0
PARP2_DEL;0.0
TRAJ9_SNP;0.0
TUSC3_DEL;0.0
CUL3_INS;0.0
MGAM_DEL;0.0
TRRAP_DEL;0.0
SPECC1_DEL;0.0
GATA3_ONP;0.0
SDHC_DNP;0.0
ERCC5_INS;0.0
CDK9_SNP;0.0
GNB2L1_SNP;0.0
DEK_DNP;0.0
RYBP_DNP;0.0
CTNNA1_INS;0.0
DROSHA_DEL;0.0
TAL2_DEL;0.0
FRK_DNP;0.0
PTPRK_ONP;0.0
POU3F2_INS;0.0
SETD3_SNP;0.0
CDK8_DNP;0.0
ZMYM2_INS;0.0
NRAS_DEL;0.0
TPMT_DEL;0.0
PHLPP1_INS;0.0
KSR2_SNP;0.0
EPOR_ONP;0.0
WAS_ONP;0.0
CEP57_DEL;0.0
PPARD_SNP;0.0
KSR2_DNP;0.0
ESR2_DNP;0.0
ARAF_DNP;0.0
IGF1R_DNP;0.0
TTYH1_SNP;0.0
PTCH2_DEL;0.0
EPCAM_DEL;0.0
TBC1D12_SNP;0.0
H3F3C_DNP;0.0
RXRA_INS;0.0
BCL2_DNP;0.0
MCM6_SNP;0.0
CDH1_INS;0.0
FANCD2_DEL;0.0
RECQL4_DEL;0.0
KIT_INS;0.0
SAMD9L_DEL;0.0
DICER1_ONP;0.0
GFI1B_SNP;0.0
RAD52_SNP;0.0
SOS1_DEL;0.0
CIC_ONP;0.0
LATS2_ONP;0.0
DCC_ONP;0.0
CD36_DEL;0.0
CSF3R_DNP;0.0
SOS2_DNP;0.0
SYNE1_SNP;0.0
ITGA9_SNP;0.0
ECT2L_DEL;0.0
LTF_SNP;0.0
CASC5_DEL;0.0
KDM6A_ONP;0.0
MAPK3_DEL;0.0
HLA-E_DEL;0.0
ZSWIM4_DEL;0.0
UTRN_INS;0.0
FANCG_DNP;0.0
MCM7_DEL;0.0
ABCB1_ONP;0.0
MAML2_DEL;0.0
PDK1_DNP;0.0
CHD1_DEL;0.0
KCNK12_DEL;0.0
FGF2_DEL;0.0
ZNF708_SNP;0.0
MAP3K14_DNP;0.0
PIK3CA_ONP;0.0
MUS81_DNP;0.0
BCR_INS;0.0
HSP90AA1_DEL;0.0
OLIG2_SNP;0.0
ASMTL_DEL;0.0
MYH9_DNP;0.0
TET1_INS;0.0
KIF1B_DEL;0.0
MPL_DNP;0.0
TGFBR2_DNP;0.0
HIST1H3I_DEL;0.0
FGF14_INS;0.0
CADM2_INS;0.0
CAMTA1_DEL;0.0
MAML3_SNP;0.0
STAG1_DEL;0.0
PAK3_DEL;0.0
QKI_DEL;0.0
FGF14_ONP;0.0
U2AF1_ONP;0.0
EBF1_DEL;0.0
FGF19_DEL;0.0
CDK9_INS;0.0
YES1_DEL;0.0
NRG3_DEL;0.0
U2AF2_INS;0.0
MCM3_DEL;0.0
TCF12_DEL;0.0
CDK5_SNP;0.0
PHF6_INS;0.0
PTPRT_DNP;0.0
PIK3CD_INS;0.0
PCDHAC1_INS;0.0
FLYWCH1_DEL;0.0
EIF4E_DEL;0.0
ARHGAP26_SNP;0.0
DST_DEL;0.0
AGO2_DEL;0.0
RFWD2_INS;0.0
ITK_INS;0.0
HERC2_INS;0.0
TG_SNP;0.0
P2RY8_INS;0.0
IGHD3-10_SNP;0.0
PRF1_INS;0.0
LMO2_SNP;0.0
CYP2D6_INS;0.0
ETV6_INS;0.0
ARFRP1_SNP;0.0
TYK2_SNP;0.0
PDPK1_DNP;0.0
APC_ONP;0.0
RSPO2_ONP;0.0
MAP3K8_SNP;0.0
RRAS2_DEL;0.0
TDG_INS;0.0
HFE_DNP;0.0
C11orf95_SNP;0.0
BIRC6_DEL;0.0
SMAD3_ONP;0.0
CDK1_DNP;0.0
YEATS4_SNP;0.0
CIC_INS;0.0
TRGJ2_SNP;0.0
CDK8_DEL;0.0
NT5C2_DNP;0.0
IDH1_ONP;0.0
MSH3_INS;0.0
LYN_SNP;0.0
PRKAG2_DEL;0.0
PRKAG2_INS;0.0
HSPA2_SNP;0.0
JMJD1C_SNP;0.0
TBX3_SNP;0.0
SMARCD1_ONP;0.0
MLLT3_ONP;0.0
IFNGR1_DNP;0.0
MLH1_INS;0.0
MTHFR_SNP;0.0
PPP2R2A_DNP;0.0
MYO1A_DEL;0.0
PAX8_DEL;0.0
NUP214_DEL;0.0
RNU5E-6P_SNP;0.0
RAD51C_ONP;0.0
RRAGC_DEL;0.0
TCF7L2_ONP;0.0
PTPRT_INS;0.0
RUNX1T1_DNP;0.0
LAG3_SNP;0.0
EXO1_SNP;0.0
HOOK3_INS;0.0
MLH1_DNP;0.0
C1orf86_SNP;0.0
TFEB_INS;0.0
SUFU_SNP;0.0
CYP17A1_INS;0.0
NEIL2_DEL;0.0
CTD-2267D19.2_DEL;0.0
SPRED1_ONP;0.0
RPL5_SNP;0.0
PTPN2_DEL;0.0
CCT6B_DEL;0.0
SUZ12_INS;0.0
ZNF217_ONP;0.0
CD58_ONP;0.0
MYO3A_DEL;0.0
XRCC5_ONP;0.0
KRIT1_DEL;0.0
WWTR1_SNP;0.0
SAMD9_DNP;0.0
PGR_INS;0.0
HGF_SNP;0.0
MGAM_DNP;0.0
HLA-DMB_SNP;0.0
TTYH1_DEL;0.0
RSPO3_ONP;0.0
IDO1_DEL;0.0
CHD4_DNP;0.0
BRCA2_INS;0.0
SOX11_DEL;0.0
KLLN_DNP;0.0
SETBP1_ONP;0.0
KCNIP1_DEL;0.0
NEGR1_SNP;0.0
TPR_DEL;0.0
TNK2_SNP;0.0
PICALM_SNP;0.0
CYSLTR2_SNP;0.0
TCF7L2_INS;0.0
FUS_INS;0.0
LMO2_ONP;0.0
CBFA2T3_INS;0.0
IRF2_DNP;0.0
SPRED1_INS;0.0
GRID1_SNP;0.0
ETV1_SNP;0.0
RAD54B_ONP;0.0
RIT1_SNP;0.0
MITF_INS;0.0
NCKAP5_DNP;0.0
STK11_INS;0.0
IGF2BP3_DNP;0.0
GRM3_DNP;0.0
GATA6_SNP;0.0
BRCA1_ONP;0.0
FYN_DNP;0.0
CD276_DNP;0.0
ATXN2_INS;0.0
UBR5_DEL;0.0
NTRK3_DEL;0.0
RUSC1-AS1_SNP;0.0
ZNF750_INS;0.0
BCL9_DEL;0.0
CD274_SNP;0.0
EGF_SNP;0.0
CAMTA1_ONP;0.0
PBX1_SNP;0.0
ETV5_DEL;0.0
PDS5B_INS;0.0
BABAM1_DEL;0.0
TGFB1_DEL;0.0
KB-67B5.12_DEL;0.0
USP28_DNP;0.0
MAGI1_DEL;0.0
EBF1_ONP;0.0
CD276_INS;0.0
CRKL_SNP;0.0
CACNA2D3_SNP;0.0
PARP1_DNP;0.0
ERBB3_ONP;0.0
ABCC3_DNP;0.0
ITPKB_SNP;0.0
DDR1_DEL;0.0
FN1_DNP;0.0
MYCL_DNP;0.0
SHH_DEL;0.0
RECQL_SNP;0.0
PNRC1_SNP;0.0
FZR1_DEL;0.0
IKBKB_DEL;0.0
FAS_SNP;0.0
CD274_INS;0.0
PPM1E_SNP;0.0
SMARCAL1_SNP;0.0
EPHA7_INS;0.0
TRAF2_DEL;0.0
SMAD3_DNP;0.0
WNK1_SNP;0.0
MAPK1_ONP;0.0
RNA5SP218_SNP;0.0
HIST1H3E_DEL;0.0
APC_DEL;0.0
IFIT1P1_ONP;0.0
GNB1_INS;0.0
RPGR_SNP;0.0
MAGI1_INS;0.0
CYP19A1_DEL;0.0
PAX3_SNP;0.0
TNFRSF14_INS;0.0
PLCB4_INS;0.0
MSI2_SNP;0.0
MBD4_DNP;0.0
CDC73_DNP;0.0
RAD51_DEL;0.0
TSC2_DNP;0.0
IRF8_DEL;0.0
AIP_SNP;0.0
SH2D1A_SNP;0.0
ZMYM2_SNP;0.0
NCOA3_INS;0.0
RICTOR_DEL;0.0
SOS1_DNP;0.0
ARHGEF28_SNP;0.0
PLCG1_SNP;0.0
KRAS_INS;0.0
MIB1_INS;0.0
TFE3_ONP;0.0
ITK_DEL;0.0
GMNN_DEL;0.0
MLLT1_SNP;0.0
MCM8_SNP;0.0
STAT6_SNP;0.0
PRDM1_SNP;0.0
EWSR1_INS;0.0
PRKCZ_INS;0.0
TMEM30A_DEL;0.0
TLX1_DEL;0.0
AXIN1_ONP;0.0
ERRFI1_INS;0.0
SDCCAG8_DEL;0.0
EIF4A2_DEL;0.0
SETD2_DNP;0.0
CD274_DNP;0.0
FOXL2_ONP;0.0
FAS_DEL;0.0
WHSC1L1_DEL;0.0
SPRED1_DNP;0.0
FGF23_SNP;0.0
DNMT3A_ONP;0.0
SP140_INS;0.0
PAX8_DNP;0.0
PRR16_DEL;0.0
SPINK1_SNP;0.0
AJUBA_INS;0.0
NADK_DEL;0.0
HCAR1_SNP;0.0
OGG1_SNP;0.0
FGF1_INS;0.0
IL7R_DNP;0.0
RPL22_INS;0.0
DDX31_INS;0.0
IGLJ7_SNP;0.0
BCL3_SNP;0.0
MAX_DEL;0.0
ARHGEF12_DEL;0.0
L1CAM_DEL;0.0
EPHA7_ONP;0.0
PRKACA_DNP;0.0
NRIP1_INS;0.0
EPHA6_SNP;0.0
ESPL1_DEL;0.0
RECQL_DEL;0.0
RECQL4_INS;0.0
IRF8_ONP;0.0
H19_SNP;0.0
MAML2_DNP;0.0
DNMT1_DEL;0.0
PDGFRB_INS;0.0
EPHA3_DEL;0.0
BCL2_DEL;0.0
CDH4_DEL;0.0
EZH1_INS;0.0
MECOM_DNP;0.0
SYK_DEL;0.0
GLI2_ONP;0.0
EGFL7_SNP;0.0
TET1_DNP;0.0
TAL1_DEL;0.0
XRCC4_DEL;0.0
HIST1H3E_INS;0.0
HIF1A_DNP;0.0
PCDHAC2_DNP;0.0
NIPBL_INS;0.0
CHD5_DEL;0.0
INPP4B_SNP;0.0
WISP3_ONP;0.0
CCND3_DNP;0.0
CLPTM1L_DNP;0.0
PBRM1_INS;0.0
PALLD_DNP;0.0
FGFR2_DNP;0.0
ETV4_SNP;0.0
STK19_DEL;0.0
QKI_DNP;0.0
MERTK_DNP;0.0
IGHD2-8_SNP;0.0
HNF1A_INS;0.0
STAB2_SNP;0.0
SERPINB4_SNP;0.0
MLLT1_DNP;0.0
RPN1_SNP;0.0
MTA1_INS;0.0
IRF4_DNP;0.0
BCL11B_INS;0.0
PRDM14_DEL;0.0
TMEM173_SNP;0.0
XRCC2_DNP;0.0
LY9_SNP;0.0
RAB35_INS;0.0
NFKBIE_INS;0.0
PRDM14_INS;0.0
TCEB1_DNP;0.0
SPRED1_DEL;0.0
GSTM5_INS;0.0
MAP3K1_DEL;0.0
NUF2_INS;0.0
PIK3C3_SNP;0.0
CFTR_DEL;0.0
FANCL_DNP;0.0
LZTR1_SNP;0.0
CTDNEP1_DEL;0.0
LTK_DNP;0.0
C1orf147_DNP;0.0
FGF9_DNP;0.0
CARM1_SNP;0.0
BTG1_DNP;0.0
DNAH9_DEL;0.0
HIST2H3D_SNP;0.0
TLR2_DEL;0.0
BCAS3_DEL;0.0
TPR_SNP;0.0
PRCC_INS;0.0
SETDB1_DNP;0.0
MKI67_INS;0.0
EPHA2_DNP;0.0
FOXP4_INS;0.0
CDC7_SNP;0.0
PRKCH_DNP;0.0
PAX7_DEL;0.0
FLT1_ONP;0.0
GPR32_SNP;0.0
HLA-C_SNP;0.0
RBM10_DNP;0.0
CDK5_DEL;0.0
UPF1_DEL;0.0
PARK2_INS;0.0
SMYD3_ONP;0.0
SDHA_DNP;0.0
TMEM127_INS;0.0
CHURC1_DEL;0.0
GNA13_DEL;0.0
PLCG1_DNP;0.0
FGF7_DEL;0.0
HIST1H1A_SNP;0.0
FAS_DNP;0.0
PRKAR1A_ONP;0.0
TNF_SNP;0.0
SPECC1_SNP;0.0
USH2A_SNP;0.0
LYN_DNP;0.0
ASXL2_DNP;0.0
GALNT12_ONP;0.0
ITGA9_INS;0.0
ARID3A_DEL;0.0
TNK2_DEL;0.0
TRAC_SNP;0.0
PIK3CB_DEL;0.0
APEH_INS;0.0
NRG1_SNP;0.0
TYMS_SNP;0.0
JAK3_INS;0.0
MUTYH_DNP;0.0
CHD2_SNP;0.0
RTEL1_INS;0.0
CHD7_SNP;0.0
HSP90AB1_SNP;0.0
MTOR_ONP;0.0
MSH6_DNP;0.0
IL2RB_SNP;0.0
RHOA_INS;0.0
CAD_SNP;0.0
PGAP3_SNP;0.0
TBX3_DEL;0.0
DOT1L_DEL;0.0
FSBP_SNP;0.0
PDGFB_SNP;0.0
HIST1H3C_DNP;0.0
PPP2R1A_INS;0.0
PRKG1_SNP;0.0
DKC1_INS;0.0
RASA2_INS;0.0
EXO1_DNP;0.0
NEGR1_ONP;0.0
PICALM_DEL;0.0
TCF7L1_DNP;0.0
GPC3_ONP;0.0
GNB2L1_INS;0.0
TMEM50B_DEL;0.0
REST_DEL;0.0
KLF2_DEL;0.0
ABCC3_SNP;0.0
RNF2_SNP;0.0
TNFRSF17_INS;0.0
IFNGR1_DEL;0.0
MAML3_DNP;0.0
PAK7_DNP;0.0
MDC1_INS;0.0
SOX2_DEL;0.0
CIITA_SNP;0.0
DDIT3_DEL;0.0
PARP3_DEL;0.0
FAM46C_INS;0.0
PDCD1_INS;0.0
UGT1A9_SNP;0.0
IGHD5-12_SNP;0.0
MAML2_ONP;0.0
ICOSLG_DNP;0.0
RIT1_DEL;0.0
DDX31_DNP;0.0
UBE2T_DEL;0.0
SGK1_INS;0.0
STAT5B_INS;0.0
ELANE_DNP;0.0
SDHD_DEL;0.0
XRCC5_INS;0.0
THBS1_SNP;0.0
HRAS_ONP;0.0
PIK3CD_DEL;0.0
DNMT1_ONP;0.0
TRAF3_DNP;0.0
GNA11_DEL;0.0
PPP6C_INS;0.0
RPTOR_INS;0.0
TCF7L2_SNP;0.0
PHLPP1_DEL;0.0
SETBP1_INS;0.0
SPRY2_DNP;0.0
RAC1_DNP;0.0
UPF1_ONP;0.0
C7orf55-LUC7L2_INS;0.0
TCL1A_DEL;0.0
EPHA5_SNP;0.0
EIF4E_INS;0.0
SGK1_SNP;0.0
ETS1_DNP;0.0
BCL10_ONP;0.0
PAX5_ONP;0.0
NBN_ONP;0.0
SBDS_DEL;0.0
NUP98_SNP;0.0
FOXQ1_SNP;0.0
VEGFA_ONP;0.0
SGK1_DEL;0.0
DDX31_SNP;0.0
AURKB_ONP;0.0
CCND3_SNP;0.0
DNAH11_SNP;0.0
IRF1_DEL;0.0
RANP1_SNP;0.0
PMS2_INS;0.0
SMARCA1_SNP;0.0
MAX_ONP;0.0
REL_DNP;0.0
BRCA2_DNP;0.0
PALB2_DNP;0.0
KLHL6_INS;0.0
AGMO_DEL;0.0
HTRA1_SNP;0.0
GID4_DEL;0.0
STAG1_DNP;0.0
TRAJ10_SNP;0.0
PGR_DEL;0.0
MKI67_DNP;0.0
MKI67_ONP;0.0
DROSHA_DNP;0.0
BCL2L11_ONP;0.0
BCL9_SNP;0.0
STAT5B_ONP;0.0
IDH2_INS;0.0
SOX10_INS;0.0
HLA-A_INS;0.0
WDR20_DEL;0.0
ZFHX3_ONP;0.0
FANCL_SNP;0.0
ITGB3_SNP;0.0
AXIN2_ONP;0.0
DNAH2_INS;0.0
RSF1_DEL;0.0
NFKBIE_DEL;0.0
RRAS_DEL;0.0
TRBJ2-3_SNP;0.0
RUSC1-AS1_DEL;0.0
HOXC13_INS;0.0
TRAJ42_SNP;0.0
SDHD_SNP;0.0
FUBP1_DNP;0.0
NFKBIZ_DEL;0.0
ARID3B_SNP;0.0
SMAD4_DEL;0.0
ATP8B1_DEL;0.0
PDCD1LG2_DEL;0.0
EPHA5_INS;0.0
PPP2R1A_DEL;0.0
STAG3_INS;0.0
HDAC7_DNP;0.0
CDC6_DEL;0.0
NT5E_DEL;0.0
NTHL1_DEL;0.0
SPTA1_DNP;0.0
FURIN_INS;0.0
APEH_DEL;0.0
SETD1A_INS;0.0
COL6A3_SNP;0.0
SLC47A2_SNP;0.0
FBXW4P1_SNP;0.0
ELANE_DEL;0.0
ERG_DNP;0.0
C10orf54_SNP;0.0
EML4_INS;0.0
ATP6AP1_ONP;0.0
DDX10_SNP;0.0
BCR_DNP;0.0
SLC34A2_DEL;0.0
KNSTRN_DNP;0.0
Unknown_DEL;0.0
IRS1_SNP;0.0
MAP3K7_SNP;0.0
IRF2_DEL;0.0
HLA-A_DEL;0.0
ZNF750_SNP;0.0
MST1R_DEL;0.0
FOXP1_DNP;0.0
RECQL4_DNP;0.0
KLHL6_ONP;0.0
ZNF384_INS;0.0
IFNGR1_SNP;0.0
RN7SL263P_SNP;0.0
SDHD_DNP;0.0
RP11-149I2.5_DEL;0.0
CSDE1_DNP;0.0
NT5C2_INS;0.0
NF2_ONP;0.0
TRBJ2-2P_SNP;0.0
RP11-149I2.5_INS;0.0
ICOSLG_DEL;0.0
ATP6AP1_DNP;0.0
C8orf34_SNP;0.0
DOCK8_DNP;0.0
DNM2_INS;0.0
RAD21_DEL;0.0
HMBS_DNP;0.0
PAK1_INS;0.0
MECOM_ONP;0.0
PPARA_SNP;0.0
NPRL3_DEL;0.0
GNA13_DNP;0.0
USP6_SNP;0.0
SGCD_SNP;0.0
SMC1A_DEL;0.0
FGF3_DEL;0.0
MDM4_DNP;0.0
LRP1_SNP;0.0
CDC73_DEL;0.0
PPARG_DNP;0.0
NOP10_SNP;0.0
LIFR_SNP;0.0
SETD5_DNP;0.0
PIK3CB_ONP;0.0
PHLPP2_INS;0.0
BLM_ONP;0.0
PDK1_SNP;0.0
EXT2_DEL;0.0
SH2D1A_DNP;0.0
NUP93_INS;0.0
CRKL_DNP;0.0
MYC_DEL;0.0
PAXIP1_ONP;0.0
MAPK1_DEL;0.0
SETBP1_DNP;0.0
APEH_SNP;0.0
ITK_SNP;0.0
EPHA5_DNP;0.0
SLC34A2_SNP;0.0
LENG1_SNP;0.0
FAH_DNP;0.0
RELA_DEL;0.0
MAP3K5_SNP;0.0
TAL1_ONP;0.0
HIST1H2BC_DEL;0.0
PIK3CA_DNP;0.0
PVRL4_DEL;0.0
RPA1_SNP;0.0
ZNF331_SNP;0.0
SH2D1A_INS;0.0
CARD11_INS;0.0
CDK12_ONP;0.0
PTCH2_DNP;0.0
MUS81_DEL;0.0
TRGJP_INS;0.0
DMC1_DEL;0.0
ROS1_ONP;0.0
PIK3C3_ONP;0.0
LTK_INS;0.0
IFNAR2_SNP;0.0
MCM8_DEL;0.0
XPO1_DNP;0.0
RAD51C_DNP;0.0
TP53BP1_ONP;0.0
APC_DNP;0.0
ERCC5_SNP;0.0
MYBL1_DNP;0.0
TPM4_SNP;0.0
SOCS3_SNP;0.0
SOX17_SNP;0.0
TEK_ONP;0.0
ZNF703_ONP;0.0
BRCC3_INS;0.0
T_SNP;0.0
EPHA2_INS;0.0
DUSP2_DNP;0.0
RHOT1_SNP;0.0
BBC3_DNP;0.0
EPHB4_INS;0.0
BCL2L12_DEL;0.0
RPL5_INS;0.0
THSD7A_DEL;0.0
C9orf66_DEL;0.0
PRKCA_SNP;0.0
FRS2_ONP;0.0
ARFRP1_DEL;0.0
CLK3_INS;0.0
XRCC5_DNP;0.0
PLCB4_ONP;0.0
CSF3R_ONP;0.0
DMD_INS;0.0
NFKBIA_SNP;0.0
MYO18A_SNP;0.0
DDX3X_ONP;0.0
ARID4B_DEL;0.0
SYNE2_SNP;0.0
SH2B3_ONP;0.0
TAL1_INS;0.0
LRP1B_INS;0.0
TGFBR1_SNP;0.0
POU2F2_DEL;0.0
BRAF_DNP;0.0
FAN1_ONP;0.0
ETV5_DNP;0.0
PIK3C3_INS;0.0
PIK3C2G_INS;0.0
CASP8_DEL;0.0
KMT2C_ONP;0.0
FLT3_DNP;0.0
LARP4B_SNP;0.0
IGF2BP3_SNP;0.0
FANCE_DEL;0.0
HLA-G_SNP;0.0
NFKBIA_DNP;0.0
MUTYH_INS;0.0
SLIT2_INS;0.0
CHEK2_INS;0.0
POU3F2_ONP;0.0
TRIM24_INS;0.0
INPPL1_INS;0.0
ERBB4_DNP;0.0
PKD1L2_INS;0.0
HIST1H3B_DEL;0.0
JAZF1_DNP;0.0
PLCB4_DEL;0.0
CDH23_DEL;0.0
UROD_INS;0.0
HEY1_INS;0.0
STAT3_ONP;0.0
KMT2B_ONP;0.0
RANBP2_INS;0.0
BCL6_INS;0.0
TP53_INS;0.0
CLTC_SNP;0.0
PHLPP2_DEL;0.0
COL2A1_DNP;0.0
STK40_ONP;0.0
HLA-DPA1_INS;0.0
H3F3B_DNP;0.0
DDX41_INS;0.0
S1PR2_SNP;0.0
PCLO_DNP;0.0
YAP1_DNP;0.0
NOTCH2_DEL;0.0
BCL11A_DEL;0.0
CASC5_SNP;0.0
PTPN1_ONP;0.0
FYN_ONP;0.0
CSNK1A1_DEL;0.0
TRAF3_INS;0.0
IL2RB_ONP;0.0
AIFM3_INS;0.0
MAP3K5_DEL;0.0
TP53BP1_INS;0.0
EGFL7_INS;0.0
PTPRR_DNP;0.0
LRIG3_SNP;0.0
DDB2_INS;0.0
DIRC2_SNP;0.0
ENG_ONP;0.0
TLX3_DNP;0.0
BCOR_DNP;0.0
TAP2_ONP;0.0
MAP3K2_SNP;0.0
BRD3_ONP;0.0
PALLD_ONP;0.0
CLTCL1_DEL;0.0
BIRC5_DEL;0.0
PAX3_ONP;0.0
C17orf70_DEL;0.0
STAT3_DNP;0.0
SMARCB1_DEL;0.0
MAFB_DEL;0.0
IKBKE_INS;0.0
ID4_SNP;0.0
RNF43_ONP;0.0
IKZF1_DNP;0.0
KNSTRN_SNP;0.0
MSI1_DNP;0.0
CDKN2B-AS1_INS;0.0
PPP2CB_SNP;0.0
JAK2_DNP;0.0
EPOR_SNP;0.0
TUSC3_SNP;0.0
GNAQ_DEL;0.0
SOD2_DEL;0.0
RASA2_DEL;0.0
CARM1_INS;0.0
LMNA_SNP;0.0
SNX31_SNP;0.0
CYSLTR2_ONP;0.0
CRTC2_DNP;0.0
FRK_DEL;0.0
MAGEA8_DEL;0.0
SESN1_INS;0.0
XPA_SNP;0.0
EGLN1_DEL;0.0
SIN3A_DEL;0.0
DDR2_ONP;0.0
DOT1L_DNP;0.0
IRF8_SNP;0.0
APLNR_SNP;0.0
TNFRSF14_ONP;0.0
BEND2_DNP;0.0
ATRX_ONP;0.0
SUV39H2_SNP;0.0
PTCH2_INS;0.0
HIST1H2BK_DNP;0.0
SMG1_INS;0.0
SAMD9L_INS;0.0
PTCH1_SNP;0.0
FAT3_SNP;0.0
NEXN_SNP;0.0
EPHA2_DEL;0.0
MLH3_DEL;0.0
CDH11_INS;0.0
TEK_INS;0.0
BCR_SNP;0.0
PTEN_ONP;0.0
SPOP_ONP;0.0
TNFRSF17_SNP;0.0
MGA_ONP;0.0
BTK_DNP;0.0
HMBS_INS;0.0
PTK2B_ONP;0.0
EP300_DEL;0.0
SDHB_INS;0.0
INPP4B_DNP;0.0
PTK2_INS;0.0
STAT5A_INS;0.0
IGLJ5_SNP;0.0
CBFB_ONP;0.0
GATA2_DNP;0.0
CACNA2D3_INS;0.0
EZH2_ONP;0.0
INSRR_DNP;0.0
USP28_SNP;0.0
RSF1_SNP;0.0
NPNT_INS;0.0
OTX2_SNP;0.0
PRKDC_DNP;0.0
HABP2_DEL;0.0
MAP2K2_DEL;0.0
BCL9_ONP;0.0
SH2B2_SNP;0.0
MAP3K14_INS;0.0
KCNQ1_DNP;0.0
RAD54B_DEL;0.0
SPEN_DNP;0.0
KLLN_SNP;0.0
MTRR_INS;0.0
HOXB13_DNP;0.0
MLH3_INS;0.0
NUF2_DEL;0.0
SLX4_DNP;0.0
CDKN1A_INS;0.0
CUL4B_SNP;0.0
NCOA2_DNP;0.0
LARGE_SNP;0.0
CTCF_DNP;0.0
PIK3CG_ONP;0.0
DEPDC5_DEL;0.0
PAX7_SNP;0.0
PAX7_INS;0.0
HSPA2_DNP;0.0
BIRC2_SNP;0.0
SUFU_DNP;0.0
ID3_DNP;0.0
TGFBR2_INS;0.0
MYCL_INS;0.0
EPOR_DEL;0.0
COL7A1_INS;0.0
MTCP1_SNP;0.0
RAB35_DNP;0.0
ARID2_ONP;0.0
TRAJ32_SNP;0.0
FANCF_DEL;0.0
ETAA1_INS;0.0
CDK4_DNP;0.0
MUS81_ONP;0.0
CD40_SNP;0.0
HTRA1_DEL;0.0
IL3_SNP;0.0
BABAM1_SNP;0.0
PPP2R1A_DNP;0.0
RP11-435O5.4_DEL;0.0
TNFAIP3_INS;0.0
FANCB_SNP;0.0
HNF1B_INS;0.0
CBLB_SNP;0.0
FOXA1_DEL;0.0
NFE2_INS;0.0
PRKCH_INS;0.0
SRSF2_DNP;0.0
LAMB4_DEL;0.0
EGFR_DEL;0.0
MEF2BNB-MEF2B_DEL;0.0
MT-ND5_DEL;0.0
PCBP1_INS;0.0
ATXN2_DEL;0.0
SHANK2_SNP;0.0
STK36_DEL;0.0
RPL21P4_SNP;0.0
SRC_DNP;0.0
E2F3_DEL;0.0
LARP4B_DEL;0.0
LIPI_SNP;0.0
ATXN2_DNP;0.0
C3orf72_SNP;0.0
CD79A_ONP;0.0
BRIP1_DEL;0.0
PRKCH_SNP;0.0
SPRTN_INS;0.0
MAGI1_SNP;0.0
UGT1A6_DEL;0.0
PKHD1_SNP;0.0
EIF1AX_DNP;0.0
MMP2_SNP;0.0
EGR1_SNP;0.0
PPP2R2A_DEL;0.0
RTEL1_ONP;0.0
DNMT3B_DNP;0.0
BCL2L2_ONP;0.0
NIPBL_DNP;0.0
MOB3B_INS;0.0
ERCC5_DNP;0.0
RB1_DNP;0.0
KCNJ5_SNP;0.0
BUB1B_ONP;0.0
BCL2L11_DEL;0.0
COL2A1_ONP;0.0
DIS3L2_ONP;0.0
PRKD1_SNP;0.0
LATS1_INS;0.0
VEGFA_SNP;0.0
EDNRB_SNP;0.0
MYC_INS;0.0
SF3B1_ONP;0.0
GREM1_DNP;0.0
MSH6_ONP;0.0
SLFN11_SNP;0.0
ESPL1_SNP;0.0
FBXO11_DEL;0.0
DAXX_DNP;0.0
ATP6V1B2_DEL;0.0
CLTCL1_SNP;0.0
POLE_ONP;0.0
MALT1_DEL;0.0
DEK_INS;0.0
BTG1_ONP;0.0
NFKB1_INS;0.0
H3F3B_SNP;0.0
SOX10_ONP;0.0
RSPO3_DEL;0.0
HAVCR2_SNP;0.0
TGM7_SNP;0.0
DYNC1I1_DEL;0.0
DGKH_DEL;0.0
GTSE1_SNP;0.0
TCF3_INS;0.0
KIF1B_DNP;0.0
CDC7_DEL;0.0
AXIN2_INS;0.0
HAS3_DEL;0.0
TDG_DEL;0.0
HIST1H1C_SNP;0.0
TSC2_DEL;0.0
MN1_INS;0.0
SMAD2_ONP;0.0
FGF1_DNP;0.0
TAP1_ONP;0.0
MAP3K9_ONP;0.0
MLLT4_INS;0.0
HIST1H3C_INS;0.0
BRCA1_DEL;0.0
RAD51D_DNP;0.0
EPAS1_INS;0.0
TNFAIP3_ONP;0.0
PRKCA_DEL;0.0
PALB2_ONP;0.0
BAP1_ONP;0.0
EP400_SNP;0.0
JAK1_DNP;0.0
EPHB1_INS;0.0
CBFB_SNP;0.0
SH2D2A_DNP;0.0
JAK2_ONP;0.0
IL2RB_DNP;0.0
DROSHA_INS;0.0
DCUN1D1_INS;0.0
TLX1_SNP;0.0
RPS6KB1_DNP;0.0
ETAA1_DNP;0.0
BCL10_SNP;0.0
SYNE2_DEL;0.0
EGR1_DEL;0.0
FZR1_SNP;0.0
MTOR_DEL;0.0
SERPINB4_DEL;0.0
MAP3K9_INS;0.0
BRD4_DNP;0.0
PTK2B_DEL;0.0
SLFN11_DEL;0.0
RPS15_SNP;0.0
ATP8B1_INS;0.0
CARM1_DEL;0.0
MAP2K1_DNP;0.0
AXIN1_DNP;0.0
HGF_ONP;0.0
TP63_DEL;0.0
CYP3A5_DEL;0.0
DIS3L2_INS;0.0
FLT1_DNP;0.0
DDB1_DEL;0.0
CDC45_SNP;0.0
SETBP1_SNP;0.0
HDAC4_INS;0.0
IL7R_INS;0.0
STAT6_DEL;0.0
CTNNB1_DEL;0.0
PTPN6_SNP;0.0
ARHGEF12_INS;0.0
CENPA_DNP;0.0
HIST1H3B_INS;0.0
AKT2_DEL;0.0
PIK3C2B_INS;0.0
NKX3-1_INS;0.0
WWTR1_DEL;0.0
FANCF_ONP;0.0
NT5C2_DEL;0.0
CUL3_ONP;0.0
CBLB_DNP;0.0
KDM3A_DEL;0.0
RRAS_DNP;0.0
OR5L1_ONP;0.0
PLCG1_DEL;0.0
LAMP1_SNP;0.0
ITGB2_DNP;0.0
BABAM1_INS;0.0
HIF1A_INS;0.0
DIS3_DNP;0.0
MERTK_DEL;0.0
POLQ_ONP;0.0
KNSTRN_INS;0.0
VEGFA_INS;0.0
MAP3K7_DEL;0.0
PCNA_SNP;0.0
LPP_SNP;0.0
BRINP3_DEL;0.0
ALS2CR12_INS;0.0
NTRK2_INS;0.0
CDH1_DNP;0.0
DUSP6_SNP;0.0
TXLNG2P_SNP;0.0
PTTG1_SNP;0.0
FANCC_INS;0.0
FLYWCH1_SNP;0.0
ADAMTS20_INS;0.0
SMYD3_INS;0.0
SEPT9_DEL;0.0
ATP6AP1_SNP;0.0
OGG1_INS;0.0
CDKN1B_INS;0.0
FANCD2_ONP;0.0
UTRN_DEL;0.0
HIST1H1A_DNP;0.0
HSPA2_DEL;0.0
SPTA1_INS;0.0
MYB_INS;0.0
CAMTA1_SNP;0.0
BCL2_INS;0.0
RAD51B_DNP;0.0
IFIT3_SNP;0.0
TRAJ23_SNP;0.0
TRIP11_DEL;0.0
MAGEA1_INS;0.0
CDKN1A_DNP;0.0
PDPK1_ONP;0.0
TBL1XR1_SNP;0.0
ID3_INS;0.0
DNMT3A_DEL;0.0
XRCC1_INS;0.0
BBC3_INS;0.0
GMNN_SNP;0.0
IKBKE_DEL;0.0
RP1-1J6.2_SNP;0.0
PLCG2_INS;0.0
EGFL7_DNP;0.0
BMPR1A_ONP;0.0
DUSP2_DEL;0.0
UROD_DEL;0.0
BRE_DNP;0.0
MALT1_INS;0.0
CDKN1B_ONP;0.0
SMYD3_DNP;0.0
GNAS-AS1_DNP;0.0
BABAM1_ONP;0.0
CDKN1A_DEL;0.0
BCL11A_SNP;0.0
CBFB_DNP;0.0
CD22_DEL;0.0
DUSP22_INS;0.0
PRPS2_SNP;0.0
SMC1A_SNP;0.0
NR4A3_SNP;0.0
RPGR_INS;0.0
CD276_ONP;0.0
PIK3C2B_DNP;0.0
RTEL1_SNP;0.0
POU3F2_SNP;0.0
ERCC2_ONP;0.0
KLF2_SNP;0.0
ITGB3_DEL;0.0
BCL2L2_SNP;0.0
MAF_INS;0.0
GATA1_INS;0.0
HSPH1_SNP;0.0
ETV1_DNP;0.0
HIST1H2BG_DEL;0.0
CHD7_INS;0.0
ABCB11_DEL;0.0
TOPBP1_DNP;0.0
EGFR_INS;0.0
ELF3_DEL;0.0
CHD4_DEL;0.0
EXT1_ONP;0.0
IKZF2_ONP;0.0
FGF9_DEL;0.0
JAZF1-AS1_SNP;0.0
EIF4E_SNP;0.0
EDNRB_DNP;0.0
IGF1_SNP;0.0
SLX4_ONP;0.0
AKT1_ONP;0.0
AKT1_DEL;0.0
PBRM1_DNP;0.0
FGF6_SNP;0.0
CXCR4_INS;0.0
KMT2D_DNP;0.0
H3F3B_ONP;0.0
ZBTB7A_DNP;0.0
BACH2_SNP;0.0
MSI2_INS;0.0
BCL10_INS;0.0
RNF43_INS;0.0
MAD2L2_DEL;0.0
INSIG1_DEL;0.0
TRAJ16_DEL;0.0
MLLT10_DEL;0.0
PPP2R2A_INS;0.0
POT1_DNP;0.0
KMT2D_ONP;0.0
DDB2_DEL;0.0
MGMT_DNP;0.0
FLI1_SNP;0.0
PC_SNP;0.0
CYLD_INS;0.0
MLLT3_INS;0.0
RAC2_INS;0.0
BRD3_DNP;0.0
FGF3_INS;0.0
HLA-B_DNP;0.0
SMARCB1_DNP;0.0
FBXO11_INS;0.0
USP9X_DEL;0.0
PML_INS;0.0
RELN_DEL;0.0
STAT5A_DNP;0.0
RHEB_DNP;0.0
NAV3_ONP;0.0
TPM1_SNP;0.0
NOTCH4_DNP;0.0
MSH3_DNP;0.0
FGF6_DNP;0.0
GLI1_INS;0.0
ERCC6_DNP;0.0
CD70_INS;0.0
LIFR_INS;0.0
TSLP_SNP;0.0
VEGFB_DEL;0.0
PTPRK_DEL;0.0
AC068134.10_SNP;0.0
FANCB_DEL;0.0
PTK2B_DNP;0.0
PTPN14_INS;0.0
SMO_INS;0.0
TAL1_SNP;0.0
HIGD1AP9_SNP;0.0
TP63_DNP;0.0
SDHAF2_INS;0.0
ZFHX3_INS;0.0
GPS2_DNP;0.0
ASNS_SNP;0.0
XPC_DNP;0.0
MAP2K2_INS;0.0
BCL11B_DNP;0.0
PIK3C2G_ONP;0.0
CD79B_DEL;0.0
DNAH11_DEL;0.0
BBC3_ONP;0.0
PMAIP1_INS;0.0
SETDB1_DEL;0.0
C11orf30_SNP;0.0
DEPDC5_INS;0.0
MAGI2_DEL;0.0
PREX2_INS;0.0
SS18_INS;0.0
USP6_DEL;0.0
MAPK1_SNP;0.0
CDH11_SNP;0.0
NAB2_DNP;0.0
ERCC2_INS;0.0
AIMP2_SNP;0.0
ZRSR2_DNP;0.0
EPHA3_INS;0.0
DKC1_DEL;0.0
SNCAIP_ONP;0.0
JAZF1_DEL;0.0
C7orf55-LUC7L2_DEL;0.0
SLC34A2_DNP;0.0
TRAJ23_DEL;0.0
KIAA1549_SNP;0.0
RUNX1T1_DEL;0.0
BRCC3_DNP;0.0
CCND1_DNP;0.0
NFKBIZ_SNP;0.0
DYNC2H1_SNP;0.0
TOPBP1_INS;0.0
CLDN18_DEL;0.0
SOCS1_ONP;0.0
DUSP6_INS;0.0
B2M_SNP;0.0
BLM_DNP;0.0
GNAQ_INS;0.0
DKC1_ONP;0.0
POLR2A_DNP;0.0
IGF1_DEL;0.0
WISP3_DEL;0.0
CIITA_INS;0.0
MGA_INS;0.0
RBBP8_INS;0.0
NEIL2_SNP;0.0
LATS2_INS;0.0
PTPN22_DNP;0.0
PER1_DEL;0.0
FBXW7_DEL;0.0
CXCR4_DEL;0.0
BRD4_ONP;0.0
IKZF2_INS;0.0
DGKH_SNP;0.0
GNAS-AS1_ONP;0.0
XIAP_DNP;0.0
PTPN1_SNP;0.0
RNF8_SNP;0.0
BIRC3_ONP;0.0
ZBTB20_SNP;0.0
HIST1H1E_ONP;0.0
GSTP1_SNP;0.0
KLF4_SNP;0.0
MAGEA1_SNP;0.0
EPCAM_ONP;0.0
NFKBIA_DEL;0.0
L2HGDH_INS;0.0
SOX11_SNP;0.0
BRIP1_DNP;0.0
SIK2_DEL;0.0
CBR3_DEL;0.0
ZNRF3_DEL;0.0
XRCC3_DEL;0.0
AMER1_ONP;0.0
ALOX12B_INS;0.0
DDIT3_SNP;0.0
C17orf70_DNP;0.0
MAGI2_ONP;0.0
ETS2_INS;0.0
WISP3_SNP;0.0
RUNX1_DNP;0.0
PRDM1_DNP;0.0
FAN1_INS;0.0
FAT3_DNP;0.0
FGF10_DEL;0.0
SMC1A_DNP;0.0
DTX1_ONP;0.0
ESCO2_SNP;0.0
SOS2_ONP;0.0
GLDC_SNP;0.0
TADA1_DEL;0.0
SERPINA1_DEL;0.0
C11orf95_DEL;0.0
HIST1H2BB_SNP;0.0
SETD1A_SNP;0.0
GLI1_DNP;0.0
XPO1_DEL;0.0
KEAP1_SNP;0.0
ACTG1_DNP;0.0
ARID4B_INS;0.0
PTPRC_DEL;0.0
XRCC2_DEL;0.0
MSH2_DNP;0.0
HOXA11_SNP;0.0
ERRFI1_DNP;0.0
SLITRK6_INS;0.0
SPOP_INS;0.0
ACVR2A_DEL;0.0
FURIN_SNP;0.0
MYO1A_SNP;0.0
U2AF2_ONP;0.0
MYD88_DNP;0.0
DDB1_DNP;0.0
RANBP2_ONP;0.0
NCOA2_DEL;0.0
HIST1H3D_DEL;0.0
TGFBR1_DEL;0.0
GNAQ_SNP;0.0
PRPF40B_ONP;0.0
MRE11A_DNP;0.0
TRRAP_SNP;0.0
CACNA1E_SNP;0.0
MTAP_INS;0.0
HCG4P5_ONP;0.0
SDCCAG8_DNP;0.0
WNK2_INS;0.0
RXRA_DNP;0.0
ABCB4_SNP;0.0
UMPS_DEL;0.0
TAF1_ONP;0.0
B2M_DNP;0.0
ZFHX4_DNP;0.0
INPP5D_SNP;0.0
CDH11_ONP;0.0
FOXL2_DEL;0.0
GLMN_SNP;0.0
NQO1_SNP;0.0
RALGDS_DEL;0.0
MBD4_SNP;0.0
T_INS;0.0
COL12A1_DEL;0.0
MGMT_DEL;0.0
PIM1_ONP;0.0
NEIL1_SNP;0.0
IGF2_ONP;0.0
ABCB11_ONP;0.0
MEN1_DNP;0.0
ASXL2_INS;0.0
EPHB1_ONP;0.0
POLE_INS;0.0
CEBPA_INS;0.0
MGEA5_DEL;0.0
DCUN1D1_DEL;0.0
FANCI_DNP;0.0
SRSF2_DEL;0.0
EP300_DNP;0.0
AGMO_SNP;0.0
BCL2L2_DEL;0.0
NBN_INS;0.0
CDKN1B_DNP;0.0
HIST1H3I_DNP;0.0
NCOR2_DNP;0.0
TAF1_DEL;0.0
TP53BP1_DEL;0.0
EGFR_ONP;0.0
FUBP1_SNP;0.0
XBP1_DNP;0.0
MAPK8_SNP;0.0
CENPA_ONP;0.0
HNF1A_ONP;0.0
CTR9_DEL;0.0
LMO3_INS;0.0
SAMD9_INS;0.0
MAP3K13_ONP;0.0
HIST1H4E_SNP;0.0
PPP6C_ONP;0.0
BRINP3_DNP;0.0
PRDM16_SNP;0.0
EGR1_ONP;0.0
SETDB1_INS;0.0
DST_SNP;0.0
MYB_DNP;0.0
GATA2_DEL;0.0
MPEG1_DNP;0.0
TMPRSS2_DNP;0.0
IDH1_INS;0.0
TAL2_DNP;0.0
LMO1_INS;0.0
FGF10_SNP;0.0
CSNK1A1_SNP;0.0
PTPRR_SNP;0.0
PPM1D_DNP;0.0
BCLAF1_SNP;0.0
IDH2_ONP;0.0
GATA3_INS;0.0
CRLF2_ONP;0.0
CARM1_DNP;0.0
ESPL1_DNP;0.0
GLI3_DEL;0.0
HLA-C_ONP;0.0
ARHGAP35_DEL;0.0
TRAJ25_SNP;0.0
LRP1B_DEL;0.0
PTPN22_SNP;0.0
SPRTN_DEL;0.0
SP140_ONP;0.0
LMO1_DEL;0.0
EPHA3_DNP;0.0
PGR_DNP;0.0
SMAD4_DNP;0.0
HIST1H1D_DNP;0.0
PAX8-AS1_DEL;0.0
GAB2_ONP;0.0
BTK_SNP;0.0
SBNO1_SNP;0.0
IPMK_DEL;0.0
ZNF384_SNP;0.0
NUP93_DNP;0.0
REST_DNP;0.0
FBXO31_SNP;0.0
GRM3_INS;0.0
KAT6A_INS;0.0
HABP2_INS;0.0
DNAH5_INS;0.0
ANKRD26_INS;0.0
FAM20A_DNP;0.0
HIST1H2BJ_SNP;0.0
MYBL1_SNP;0.0
UBA2_SNP;0.0
HDAC7_DEL;0.0
ETV1_DEL;0.0
RP11-811P12.3_SNP;0.0
FUS_ONP;0.0
FOXP1_INS;0.0
HIST1H3D_INS;0.0
HLA-DMA_SNP;0.0
AHNAK2_DEL;0.0
TAZ_DEL;0.0
STAT5A_DEL;0.0
ERCC6_INS;0.0
FAM175A_SNP;0.0
INPPL1_ONP;0.0
PRSS8_DNP;0.0
CBLB_DEL;0.0
LAMB3_SNP;0.0
NCOA4_INS;0.0
CKS1B_SNP;0.0
ATP1A1_SNP;0.0
XPA_INS;0.0
SDCCAG8_SNP;0.0
LATS1_ONP;0.0
KDM4C_SNP;0.0
HLA-A_ONP;0.0
RP11-322N21.2_DEL;0.0
PTCH2_ONP;0.0
PNKP_SNP;0.0
HFE_SNP;0.0
KDM5D_DEL;0.0
ELF3_INS;0.0
MLLT1_INS;0.0
MPL_INS;0.0
GNAS-AS1_DEL;0.0
REL_INS;0.0
RUNX1_ONP;0.0
FOXP4_DEL;0.0
HDAC9_DNP;0.0
MYH11_INS;0.0
ALK_ONP;0.0
SHQ1_DEL;0.0
YAP1_DEL;0.0
CPS1_SNP;0.0
DTWD2_SNP;0.0
ADAMTS20_SNP;0.0
RHBDF2_DNP;0.0
SOS2_SNP;0.0
CBL_DEL;0.0
POLR2A_DEL;0.0
MS4A1_SNP;0.0
UTRN_SNP;0.0
PARP1_DEL;0.0
ATXN7_INS;0.0
FGF5_DNP;0.0
IL21R_SNP;0.0
FANCA_DEL;0.0
ESR1_ONP;0.0
PRSS1_DNP;0.0
BARD1_ONP;0.0
PTPRB_ONP;0.0
ANKRD11_DEL;0.0
EDNRB_INS;0.0
CDC6_SNP;0.0
USP8_DEL;0.0
RNASEL_INS;0.0
HLA-DQB1-AS1_ONP;0.0
DAXX_SNP;0.0
TLR4_ONP;0.0
MAML3_INS;0.0
TRAJ38_SNP;0.0
MALT1_DNP;0.0
POLE_DNP;0.0
BARD1_DNP;0.0
IL21R_INS;0.0
BRD3_INS;0.0
PMS1_ONP;0.0
OR5L1_DNP;0.0
HMBS_DEL;0.0
FAM58A_DEL;0.0
INPP4A_DNP;0.0
TRIM37_DEL;0.0
EPAS1_DNP;0.0
MNX1_DEL;0.0
CDKN2C_ONP;0.0
PTPRD_DEL;0.0
EED_DEL;0.0
GREM1_INS;0.0
ARAF_DEL;0.0
KMT2B_DNP;0.0
PTPN1_DEL;0.0
SYK_INS;0.0
RBL2_DEL;0.0
HSD11B2_SNP;0.0
CD74_ONP;0.0
LTB_DEL;0.0
STAG2_SNP;0.0
EGFR-AS1_DNP;0.0
IGF2R_DEL;0.0
DOCK8_ONP;0.0
MGEA5_SNP;0.0
MMP2_INS;0.0
IGF2_INS;0.0
YAP1_INS;0.0
TPM1_DEL;0.0
ERG_ONP;0.0
PINLYP_SNP;0.0
PHLPP2_SNP;0.0
PTPRS_DEL;0.0
SLC26A3_SNP;0.0
AGO1_SNP;0.0
MYD88_DEL;0.0
FAM58A_INS;0.0
HSPA2_INS;0.0
GABRA6_SNP;0.0
GNAS_ONP;0.0
CDK1_DEL;0.0
FANCL_INS;0.0
POU5F1_SNP;0.0
GSTM5_DEL;0.0
TERT_INS;0.0
C9orf66_SNP;0.0
PRSS8_DEL;0.0
SLC25A13_DNP;0.0
CDH2_SNP;0.0
HLA-DPB2_ONP;0.0
RET_DNP;0.0
ERCC3_INS;0.0
ZNF521_SNP;0.0
PCM1_SNP;0.0
ELANE_INS;0.0
ERCC6_ONP;0.0
GALNT12_DEL;0.0
DNAH11_INS;0.0
BIRC5_SNP;0.0
EXT1_SNP;0.0
AKAP9_INS;0.0
SPRY1_DEL;0.0
ID3_ONP;0.0
GFI1_INS;0.0
MAPKAP1_DNP;0.0
IL6ST_DEL;0.0
RSPO3_INS;0.0
GLI1_ONP;0.0
GOPC_DEL;0.0
COL7A1_ONP;0.0
DNMT3A_DNP;0.0
HLF_SNP;0.0
NRG1_ONP;0.0
GNA14_DEL;0.0
PHF1_DEL;0.0
ABCB4_DNP;0.0
PDGFRA_DEL;0.0
WRN_DNP;0.0
PARK2_SNP;0.0
RHPN2_DEL;0.0
CRLF2_DNP;0.0
IRF1_ONP;0.0
TRIM33_DEL;0.0
SBDS_DNP;0.0
MCM3_SNP;0.0
FANCB_DNP;0.0
UGT1A1_INS;0.0
CCND1_INS;0.0
FLCN_INS;0.0
NDUFB2_SNP;0.0
PRCC_DEL;0.0
SMARCAL1_DEL;0.0
IGF2_DEL;0.0
RELA_DNP;0.0
THADA_SNP;0.0
CASR_DNP;0.0
PTPRK_INS;0.0
MED12_ONP;0.0
NOTCH4_ONP;0.0
PTPN14_DEL;0.0
QKI_INS;0.0
CRTC1_DNP;0.0
TANC1_SNP;0.0
IRS1_DNP;0.0
RPA1_DEL;0.0
DUSP22_SNP;0.0
SLITRK6_DEL;0.0
FUS_DNP;0.0
GNAQ_ONP;0.0
HLA-B_ONP;0.0
PTPN11_DNP;0.0
SHQ1_DNP;0.0
H3F3B_INS;0.0
LCK_DNP;0.0
ERF_INS;0.0
PRPF40B_DNP;0.0
LRRK2_SNP;0.0
GSK3B_INS;0.0
WHSC1_ONP;0.0
AR_DEL;0.0
TRIM28_DEL;0.0
PDGFB_INS;0.0
PPP4R2_ONP;0.0
PRKCZ_DEL;0.0
GFI1B_INS;0.0
EXT2_INS;0.0
IGF1_INS;0.0
PHGDH_SNP;0.0
NTHL1_DNP;0.0
KEL_INS;0.0
TRAF7_DNP;0.0
POLD1_DNP;0.0
EGFR-AS1_SNP;0.0
BOD1L1_ONP;0.0
HIST1H2AC_SNP;0.0
PTPRD_INS;0.0
DNM2_DEL;0.0
CD58_INS;0.0
USP7_DEL;0.0
SSX1_DEL;0.0
MCM4_DEL;0.0
PIK3R3_DNP;0.0
CCND2_ONP;0.0
PNKP_INS;0.0
STAG1_INS;0.0
HLA-DQA1_SNP;0.0
PTGS2_SNP;0.0
PLCG2_DEL;0.0
NUF2_DNP;0.0
CDKN1B_SNP;0.0
DDX3X_DNP;0.0
TRIM33_SNP;0.0
TOPBP1_DEL;0.0
HNRNPK_DEL;0.0
PPP4R2_DNP;0.0
LRIG3_DEL;0.0
PTPN22_DEL;0.0
JAZF1_SNP;0.0
RBM15_SNP;0.0
KRAS_DNP;0.0
PRSS1_SNP;0.0
SF3B1_INS;0.0
TYK2_INS;0.0
LAMP1_DEL;0.0
HSP90AB1_DNP;0.0
APOB_SNP;0.0
BCL11A_INS;0.0
HIST1H1B_DEL;0.0
APOBEC3G_SNP;0.0
SPRY2_SNP;0.0
MYB_ONP;0.0
HDAC9_SNP;0.0
FGF12_SNP;0.0
PTEN_DNP;0.0
SESN3_INS;0.0
H3F3A_DEL;0.0
RAD51_DNP;0.0
MAP3K4_SNP;0.0
GAB2_DEL;0.0
ETS1_SNP;0.0
LZTR1_INS;0.0
MT-ND6_ONP;0.0
SESN2_INS;0.0
GPC3_SNP;0.0
EPHB4_DNP;0.0
TNFRSF11A_SNP;0.0
ELANE_SNP;0.0
WNK2_DEL;0.0
LPHN3_SNP;0.0
FCGR2A_SNP;0.0
PDCD1_DNP;0.0
HIST1H3D_SNP;0.0
RNF43_DNP;0.0
FGF7_SNP;0.0
TRIP11_SNP;0.0
ALB_INS;0.0
REL_ONP;0.0
MET_DNP;0.0
CD70_DEL;0.0
SPOP_DNP;0.0
GLDC_DEL;0.0
CYP19A1_DNP;0.0
FRS2_DEL;0.0
SMC1A_ONP;0.0
IKBKE_DNP;0.0
HIST1H1A_DEL;0.0
TRIM37_ONP;0.0
PMS1_DNP;0.0
HIST1H3G_SNP;0.0
ZFPM1_DEL;0.0
RPS6KA2_SNP;0.0
FUS_DEL;0.0
NPM1_ONP;0.0
INSR_DNP;0.0
PDS5B_DEL;0.0
ARNT_SNP;0.0
MC1R_DEL;0.0
SESN3_SNP;0.0
PDCD11_SNP;0.0
MAP3K1_DNP;0.0
CALR_INS;0.0
HSPA2_ONP;0.0
SRY_DEL;0.0
MST1_DEL;0.0
GNAQ_DNP;0.0
MAP3K14_DEL;0.0
RHOT1_DNP;0.0
TFRC_SNP;0.0
TRBJ2-2_SNP;0.0
CHEK1_SNP;0.0
CTR9_SNP;0.0
MALT1_ONP;0.0
HCG4P8_SNP;0.0
LAMA2_SNP;0.0
CDKN2B_DNP;0.0
ARHGAP26_DEL;0.0
NUTM1_SNP;0.0
MAP2K1_ONP;0.0
PHF1_INS;0.0
HDAC2_SNP;0.0
RP11-244F12.3_SNP;0.0
WNK1_DEL;0.0
EZR_DEL;0.0
ALK_INS;0.0
C1orf86_ONP;0.0
KDM5C_ONP;0.0
EPOR_INS;0.0
EPHB2_SNP;0.0
MYH9_INS;0.0
UIMC1_DNP;0.0
TRAJ5_DEL;0.0
SUZ12_DEL;0.0
RP11-322N21.2_DNP;0.0
PRKCZ_DNP;0.0
CLPTM1L_INS;0.0
CFL1_DEL;0.0
ERCC1_DNP;0.0
EWSR1_DNP;0.0
TNFRSF14_DEL;0.0
SOCS3_DEL;0.0
PINLYP_INS;0.0
LRP6_DEL;0.0
MGAT4B_SNP;0.0
MAF_DEL;0.0
INSIG1_SNP;0.0
RIT1_INS;0.0
TADA3_SNP;0.0
CUL4A_SNP;0.0
AKT2_ONP;0.0
TERT_DNP;0.0
CHEK2_SNP;0.0
SLC45A3_SNP;0.0
CD70_SNP;0.0
EPHA3_ONP;0.0
VTCN1_DEL;0.0
RPL26_SNP;0.0
JAK1_ONP;0.0
ABL1_DNP;0.0
AKT3_INS;0.0
BCL2L1_ONP;0.0
QKI_SNP;0.0
CBFB_INS;0.0
RBL2_INS;0.0
MCM8_INS;0.0
ARID5A_SNP;0.0
RHOT1_INS;0.0
MLLT10_SNP;0.0
EP300_ONP;0.0
CCND3_INS;0.0
SNCAIP_INS;0.0
EXT1_DEL;0.0
DDR2_DEL;0.0
MPL_ONP;0.0
SCG5_DEL;0.0
STAT5B_DNP;0.0
AFF2_SNP;0.0
PKD1L2_DEL;0.0
FAT3_INS;0.0
PLK2_ONP;0.0
FN1_INS;0.0
PRF1_DEL;0.0
SMO_DNP;0.0
RAD50_DNP;0.0
CDKN1C_DNP;0.0
NEIL3_INS;0.0
SF1_DNP;0.0
BCL2_SNP;0.0
FUBP1_INS;0.0
FGFR3_DNP;0.0
GPC3_DNP;0.0
MBD4_DEL;0.0
CBL_DNP;0.0
CALR_DNP;0.0
RP11-288G3.4_DNP;0.0
VHL_SNP;0.0
MC1R_SNP;0.0
CYSLTR2_DNP;0.0
KLHL6_SNP;0.0
MDC1_DNP;0.0
TYRO3_SNP;0.0
RPL21P122_SNP;0.0
CHD5_INS;0.0
ATF1_DEL;0.0
AKT2_INS;0.0
PPARD_DEL;0.0
HIST1H1C_DNP;0.0
PLEKHG5_SNP;0.0
RP11-435O5.4_SNP;0.0
DDX41_DEL;0.0
POLQ_DNP;0.0
GSK3B_DNP;0.0
DOCK8_INS;0.0
GPR124_DEL;0.0
IGHJ5_SNP;0.0
PRDM14_DNP;0.0
NUP98_DEL;0.0
TRBJ2-6_SNP;0.0
RPS6KB2_INS;0.0
MYH11_SNP;0.0
BAI3_DEL;0.0
IFIT1_SNP;0.0
PDE4DIP_DEL;0.0
DNMT1_DNP;0.0
C1orf86_INS;0.0
ERCC3_DEL;0.0
BCL6_ONP;0.0
SLX1A_SNP;0.0
AXIN1_INS;0.0
RB1_DEL;0.0
PDK1_DEL;0.0
FANCC_DNP;0.0
TMEM127_DNP;0.0
TPR_INS;0.0
PHLPP1_DNP;0.0
CBFA2T3_SNP;0.0
ZNF620_SNP;0.0
HIST1H1B_SNP;0.0
EXT2_ONP;0.0
FRS2_DNP;0.0
NAB2_INS;0.0
NUP98_INS;0.0
NKX2-1_DEL;0.0
L2HGDH_SNP;0.0
WISP3_INS;0.0
XPC_DEL;0.0
INHBA_DNP;0.0
SMARCE1_DNP;0.0
CTDNEP1_SNP;0.0
CDK12_DEL;0.0
NPM3_SNP;0.0
DPYD_DEL;0.0
RXRA_DEL;0.0
RPS6KB1_DEL;0.0
FYN_DEL;0.0
SS18L1_DEL;0.0
MED12_DNP;0.0
HLA-DQB2_DNP;0.0
USP8_DNP;0.0
TBL1XR1_DEL;0.0
MPEG1_DEL;0.0
TFE3_INS;0.0
STAT4_ONP;0.0
COPB1_SNP;0.0
NAV3_DEL;0.0
SMARCAL1_INS;0.0
CEBPA_DNP;0.0
KMT2A_DNP;0.0
KLF5_INS;0.0
EPHA5_ONP;0.0
COL6A3_DEL;0.0
STAG2_INS;0.0
XRCC2_ONP;0.0
FGFR2_DEL;0.0
FGFR3_INS;0.0
TRAF7_ONP;0.0
KLF2_DNP;0.0
IGLJ6_SNP;0.0
EPAS1_SNP;0.0
SMO_DEL;0.0
RIF1_INS;0.0
RICTOR_SNP;0.0
PRPF40B_DEL;0.0
CSDE1_SNP;0.0
OGG1_DEL;0.0
ARID4B_SNP;0.0
DUSP4_SNP;0.0
BARD1_SNP;0.0
TAZ_SNP;0.0
VTCN1_INS;0.0
RAD54B_SNP;0.0
NRG1_DNP;0.0
HIST1H3J_DEL;0.0
HIST1H1B_DNP;0.0
BIRC6_INS;0.0
IL10RA_INS;0.0
MYCL_ONP;0.0
CDKN2B_INS;0.0
PRKD1_DNP;0.0
DCLRE1C_DEL;0.0
DTX1_SNP;0.0
SYT1_SNP;0.0
IL2RB_DEL;0.0
BRD3_DEL;0.0
JAK3_ONP;0.0
ADAMTS20_DEL;0.0
CHEK2_ONP;0.0
HIST1H2AM_ONP;0.0
PIAS4_DEL;0.0
MYO3A_SNP;0.0
ATR_ONP;0.0
CD19_SNP;0.0
FLI1_DNP;0.0
CASP8_ONP;0.0
CSF1R_DEL;0.0
CASP8_DNP;0.0
NEIL2_ONP;0.0
TRAJ28_SNP;0.0
SMARCE1_INS;0.0
RSF1_DNP;0.0
RPS6KA4_ONP;0.0
MTOR_DNP;0.0
SF3B1_DEL;0.0
NEIL1_ONP;0.0
FOSB_INS;0.0
ZFPM1_SNP;0.0
GRID1_DEL;0.0
HCG4P8_INS;0.0
TMEM216_SNP;0.0
FOXQ1_ONP;0.0
TEK_DEL;0.0
KLHL6_DNP;0.0
MGEA5_INS;0.0
NCOA1_DEL;0.0
TLX3_DEL;0.0
MAP3K1_ONP;0.0
CHD7_DNP;0.0
BRE_DEL;0.0
KAT6A_SNP;0.0
BRCC3_SNP;0.0
NPRL3_INS;0.0
NEIL1_INS;0.0
TMED1_SNP;0.0
RTEL1-TNFRSF6B_INS;0.0
GALNT12_DNP;0.0
EGFR-AS1_INS;0.0
IRF2_INS;0.0
ESCO2_INS;0.0
CTTNBP2_SNP;0.0
TFRC_INS;0.0
HIF1A_DEL;0.0
MT-ND6_INS;0.0
ENG_DEL;0.0
STK36_SNP;0.0
AFF3_DEL;0.0
NKX3-1_DNP;0.0
SMARCB1_INS;0.0
STK40_INS;0.0
FGF5_SNP;0.0
MCM4_SNP;0.0
SETD1A_DEL;0.0
CAMK1_SNP;0.0
SAMD9_SNP;0.0
TRAJ6_SNP;0.0
RAC1_DEL;0.0
RP11-326G21.1_SNP;0.0
ID3_SNP;0.0
MGA_DNP;0.0
ETV4_DNP;0.0
DNASE1L1_DEL;0.0
E2F3_DNP;0.0
PTPRS_DNP;0.0
FGF4_INS;0.0
MMP2_DEL;0.0
INSR_DEL;0.0
TAP2_SNP;0.0
EPCAM_SNP;0.0
HIST1H3G_DEL;0.0
TLX3_INS;0.0
SDHAF2_DEL;0.0
CASR_DEL;0.0
ACVR1_DNP;0.0
CDC42_SNP;0.0
NEIL1_DNP;0.0
PCBP1_DEL;0.0
TYK2_ONP;0.0
FOXO1_INS;0.0
NOTCH2_DNP;0.0
KCNK12_ONP;0.0
TFRC_DNP;0.0
GPS2_INS;0.0
H19_DNP;0.0
PRKAG2_SNP;0.0
ACTG1_SNP;0.0
RP11-149I2.5_DNP;0.0
IL6ST_SNP;0.0
IKBKE_ONP;0.0
CDKN2A_ONP;0.0
ZFHX3_DNP;0.0
TTYH1_DNP;0.0
XBP1_DEL;0.0
ASXL2_ONP;0.0
GLMN_DEL;0.0
SETD6_SNP;0.0
PKHD1_INS;0.0
IGF2R_DNP;0.0
FN1_SNP;0.0
GPC3_INS;0.0
AURKA_ONP;0.0
SF3A1_SNP;0.0
MAPK1_INS;0.0
DNASE1L1_SNP;0.0
PDE4DIP_SNP;0.0
CSNK1A1_DNP;0.0
MCM6_DEL;0.0
JAK2_INS;0.0
FOXF1_DNP;0.0
RYR2_DEL;0.0
MDM4_ONP;0.0
AXL_DNP;0.0
PAX5_DEL;0.0
DDX3X_INS;0.0
POLD1_ONP;0.0
INHA_DEL;0.0
INSIG1_INS;0.0
IGHD5-5_DEL;0.0
YES1_DNP;0.0
CAMK1_INS;0.0
MIR3135B_SNP;0.0
AFF3_SNP;0.0
FANCI_ONP;0.0
NFKBIE_DNP;0.0
EPHB2_DEL;0.0
CYP17A1_SNP;0.0
YWHAE_SNP;0.0
RAD52_ONP;0.0
RANBP2_DEL;0.0
CYP17A1_DEL;0.0
SERPINA1_SNP;0.0
LGR5_SNP;0.0
PRSS1_DEL;0.0
RBM10_INS;0.0
FGFR2_ONP;0.0
BCL2L1_DNP;0.0
ANKRD26_DNP;0.0
CD58_DEL;0.0
FGF6_DEL;0.0
PDCD1_DEL;0.0
CTCF_ONP;0.0
MED12_INS;0.0
CRTC2_SNP;0.0
GNAS_DNP;0.0
KBTBD4_DEL;0.0
HIST2H3D_DNP;0.0
INPP4A_DEL;0.0
SETD1B_SNP;0.0
PPP6C_DNP;0.0
GNB2L1_DEL;0.0
AR_ONP;0.0
ARID3C_SNP;0.0
MLLT3_SNP;0.0
RAD54B_INS;0.0
GALNT12_SNP;0.0
HLA-F-AS1_SNP;0.0
RELN_SNP;0.0
RP11-211G3.2_SNP;0.0
TSHZ3_SNP;0.0
NHP2_SNP;0.0
RAC1_SNP;0.0
IL2_DEL;0.0
HIST1H3H_INS;0.0
ATIC_SNP;0.0
MSH3_ONP;0.0
BRSK1_SNP;0.0
GRIN2A_DNP;0.0
COL2A1_INS;0.0
C1orf147_DEL;0.0
NTRK1_ONP;0.0
XPC_INS;0.0
MAP3K4_DEL;0.0
DHX15_DNP;0.0
SETD7_SNP;0.0
GPR124_ONP;0.0
RPTOR_DEL;0.0
DCLRE1C_DNP;0.0
COL1A1_ONP;0.0
HDAC1_SNP;0.0
RBBP8_DNP;0.0
NR0B1_DEL;0.0
AIP_DNP;0.0
FOXF1_SNP;0.0
CUX1_DNP;0.0
MAPKAP1_DEL;0.0
LAMA2_INS;0.0
ITGA9_DEL;0.0
TCEB1_SNP;0.0
RECQL_DNP;0.0
MTRR_SNP;0.0
ZNRF3_ONP;0.0
HIST3H3_ONP;0.0
P2RY8_DEL;0.0
PMS1_INS;0.0
PER1_SNP;0.0
SMAD3_DEL;0.0
SS18_DEL;0.0
ZFHX4_ONP;0.0
SPRY1_SNP;0.0
SH2B2_INS;0.0
CREB1_DEL;0.0
NCOR1_DNP;0.0
MET_ONP;0.0
RBM10_ONP;0.0
IL7R_DEL;0.0
NR0B1_DNP;0.0
FHIT_SNP;0.0
ATM_ONP;0.0
HIST1H2BD_SNP;0.0
MITF_DNP;0.0
HEY1_DNP;0.0
KCNQ1_ONP;0.0
PRPF8_DNP;0.0
RUNX1T1_INS;0.0
NUTM1_INS;0.0
FANCF_DNP;0.0
MKNK1_SNP;0.0
PAK3_INS;0.0
CBLC_SNP;0.0
RNU1-61P_SNP;0.0
HLA-DOA_SNP;0.0
VTCN1_DNP;0.0
TUSC3_INS;0.0
B2M_ONP;0.0
FLT4_INS;0.0
ABCB1_DEL;0.0
MAP2K1_INS;0.0
RSPO2_DEL;0.0
POLH_INS;0.0
CALR_DEL;0.0
RAD21_ONP;0.0
BCR_DEL;0.0
CRCT1_ONP;0.0
SESN2_DNP;0.0
GFI1B_DEL;0.0
MCL1_ONP;0.0
DNAJB1_ONP;0.0
SLITRK6_DNP;0.0
BUB1B_DNP;0.0
TLL2_SNP;0.0
PHLPP2_DNP;0.0
MCM5_SNP;0.0
CD276_DEL;0.0
SOX9_DNP;0.0
ATR_DNP;0.0
FGF3_SNP;0.0
CCNE1_DEL;0.0
EXT2_DNP;0.0
PRKAR1A_DEL;0.0
SOX2_INS;0.0
ERBB2_INS;0.0
NCOR1_DEL;0.0
FAH_INS;0.0
MUC16_SNP;0.0
MAPK3_DNP;0.0
ARID4A_INS;0.0
H3F3A_ONP;0.0
TRIP13_DEL;0.0
IRS2_INS;0.0
PIK3R1_ONP;0.0
EGR1_DNP;0.0
CDK4_INS;0.0
PAX7_DNP;0.0
MAP3K1_INS;0.0
RP11-461L13.2_DNP;0.0
RNF8_DEL;0.0
UMPS_SNP;0.0
FHIT_INS;0.0
FKBP9_DEL;0.0
POLQ_INS;0.0
CDH23_INS;0.0
FLYWCH1_DNP;0.0
AURKA_DNP;0.0
CDH4_INS;0.0
HIST1H2BC_SNP;0.0
ATF1_SNP;0.0
USP8_ONP;0.0
GATA4_DEL;0.0
STT3A_INS;0.0
IGLJ3_DEL;0.0
HDAC9_DEL;0.0
CCND2_DNP;0.0
MAP2K2_DNP;0.0
STK19_ONP;0.0
MGEA5_ONP;0.0
EZH1_SNP;0.0
SHQ1_SNP;0.0
ANKRD24_INS;0.0
G6PD_DEL;0.0
CENPA_SNP;0.0
TCF7L1_INS;0.0
SF3B1_DNP;0.0
BRAF_ONP;0.0
IDO1_SNP;0.0
PRDM1_DEL;0.0
WTAP_SNP;0.0
HIST3H3_DNP;0.0
ITGA10_SNP;0.0
PTPN11_INS;0.0
HLA-DQB1-AS1_SNP;0.0
TFEC_SNP;0.0
HIST1H2AM_DEL;0.0
CYSLTR2_INS;0.0
CUL3_SNP;0.0
KAT6A_DEL;0.0
GNA14_INS;0.0
FANCC_SNP;0.0
BCL2L1_INS;0.0
PREX2_DEL;0.0
ETS2_SNP;0.0
DMC1_INS;0.0
C11orf30_DNP;0.0
FAM46C_ONP;0.0
PTPRO_SNP;0.0
FAM58A_DNP;0.0
MDC1_ONP;0.0
FNTB_SNP;0.0
MYB_SNP;0.0
KMT2A_INS;0.0
DKC1_DNP;0.0
C21orf128_SNP;0.0
FGF8_DNP;0.0
RAD50_ONP;0.0
XRCC3_INS;0.0
DCAF4L2_SNP;0.0
MCL1_INS;0.0
RNA5SP74_DEL;0.0
FAM175A_INS;0.0
TAF15_SNP;0.0
SPOP_DEL;0.0
